source,target
0Y5tJX1MQlPlqiwlOH1tJY,0fGcIStdT1OpFFhOC7Wp36
0Y5tJX1MQlPlqiwlOH1tJY,3TVXtAsR1Inumwj472S9r4
0Y5tJX1MQlPlqiwlOH1tJY,699OTQXzgjhIYAHMy9RyPD
0Y5tJX1MQlPlqiwlOH1tJY,6vWDO969PvNqNYHIOW5v0m
0Y5tJX1MQlPlqiwlOH1tJY,1jBoSSrbz9n4ehQWA4cZgB
0Y5tJX1MQlPlqiwlOH1tJY,1URnnhqYAYcrqrcwql10ft
0Y5tJX1MQlPlqiwlOH1tJY,1Xyo4u8uXC1ZmMpatF05PJ
0Y5tJX1MQlPlqiwlOH1tJY,1zNqQNIdeOUZHb8zbZRFMX
0Y5tJX1MQlPlqiwlOH1tJY,67lytN32YpUxiSeWlKfHJ3
0Y5tJX1MQlPlqiwlOH1tJY,504DdVupqJJUEkzmHzJEfs
0Y5tJX1MQlPlqiwlOH1tJY,50co4Is1HCEo8bhOyUWKpn
0Y5tJX1MQlPlqiwlOH1tJY,0ABk515kENDyATUdpCKVfW
0Y5tJX1MQlPlqiwlOH1tJY,0fA0VVWsXO9YnASrzqfmYu
0Y5tJX1MQlPlqiwlOH1tJY,4q3ewBCX7sLwd24euuV69X
0Y5tJX1MQlPlqiwlOH1tJY,7tYKF4w9nC0nq9CsPZTHyP
0Y5tJX1MQlPlqiwlOH1tJY,1RyvyyTE3xzB2ZywiAwp0i
0Y5tJX1MQlPlqiwlOH1tJY,53KwLdlmrlCelAZMaLVZqU
0Y5tJX1MQlPlqiwlOH1tJY,7ltDVBr6mKbRvohxheJ9h1
0Y5tJX1MQlPlqiwlOH1tJY,5f7VJjfbwm532GiveGC0ZK
0Y5tJX1MQlPlqiwlOH1tJY,7A8S43ryYdbWpJKeHRZRcq
0Y5tJX1MQlPlqiwlOH1tJY,2RDOrhPqAM4jzTRCEb19qX
0Y5tJX1MQlPlqiwlOH1tJY,4Gso3d4CscCijv0lmajZWs
0Y5tJX1MQlPlqiwlOH1tJY,0VRj0yCOv2FXJNP47XQnx5
0Y5tJX1MQlPlqiwlOH1tJY,4DdkRBBYG6Yk9Ka8tdJ9BW
0Y5tJX1MQlPlqiwlOH1tJY,0eDvMgVFoNV3TpwtrVCoTj
0Y5tJX1MQlPlqiwlOH1tJY,6extd4B6hl8VTmnlhpl2bY
0Y5tJX1MQlPlqiwlOH1tJY,3EW0kQ1skZiK1NHg3Spt9J
0Y5tJX1MQlPlqiwlOH1tJY,17lzZA2AlOHwCwFALHttmp
0Y5tJX1MQlPlqiwlOH1tJY,5gCRApTajqwbnHHPbr2Fpi
0Y5tJX1MQlPlqiwlOH1tJY,4dYQmk5ma04mZ1KJ9KkAQK
0Y5tJX1MQlPlqiwlOH1tJY,15iVAtD3s3FsQR4w1v6M0P
0Y5tJX1MQlPlqiwlOH1tJY,5K4W6rqBFWDnAN6FQUkS6x
0Y5tJX1MQlPlqiwlOH1tJY,1uNFoZAHBGtllmzznpCI3s
0Y5tJX1MQlPlqiwlOH1tJY,6O4EGCCb6DoIiR6B1QCQgp
0Y5tJX1MQlPlqiwlOH1tJY,5IcR3N7QB1j6KBL8eImZ8m
0Y5tJX1MQlPlqiwlOH1tJY,5lHRUCqkQZCIWeX7xG4sYT
0Y5tJX1MQlPlqiwlOH1tJY,3mIj9lX2MWuHmhNCA7LSCW
0Y5tJX1MQlPlqiwlOH1tJY,0c173mlxpT3dSFRgMO8XPh
0Y5tJX1MQlPlqiwlOH1tJY,6oMuImdp5ZcFhWP0ESe6mG
0Y5tJX1MQlPlqiwlOH1tJY,0xTcxl35DKXUeYRWqY10w6
0fGcIStdT1OpFFhOC7Wp36,6ueGR6SWhUJfvEhqkvMsVs
0fGcIStdT1OpFFhOC7Wp36,6trIghKwHRUyxwvm66HLHH
0fGcIStdT1OpFFhOC7Wp36,3eJjiOCSez69UyvyrttHoD
3TVXtAsR1Inumwj472S9r4,2HPaUgqeutzr3jx5a9WyDV
3TVXtAsR1Inumwj472S9r4,30AbYddXmSkDXhnW6lB0ll
3TVXtAsR1Inumwj472S9r4,2rmkQLzj0k4nZdQehOUByO
3TVXtAsR1Inumwj472S9r4,1ooV8YZC1KbpEcrmI8WH0F
3TVXtAsR1Inumwj472S9r4,0fGcIStdT1OpFFhOC7Wp36
3TVXtAsR1Inumwj472S9r4,1URnnhqYAYcrqrcwql10ft
3TVXtAsR1Inumwj472S9r4,6l3HvQ5sa6mXTsMTB19rO5
3TVXtAsR1Inumwj472S9r4,3qiHUAX7zY4Qnjx8TNUzVx
3TVXtAsR1Inumwj472S9r4,7tYKF4w9nC0nq9CsPZTHyP
3TVXtAsR1Inumwj472S9r4,15iVAtD3s3FsQR4w1v6M0P
3TVXtAsR1Inumwj472S9r4,4q3ewBCX7sLwd24euuV69X
3TVXtAsR1Inumwj472S9r4,3DbwFQlvLxRSi2uX8mf81A
3TVXtAsR1Inumwj472S9r4,6icQOAFXDZKsumw3YXyusw
3TVXtAsR1Inumwj472S9r4,0Y5tJX1MQlPlqiwlOH1tJY
3TVXtAsR1Inumwj472S9r4,5f7VJjfbwm532GiveGC0ZK
3TVXtAsR1Inumwj472S9r4,3hcs9uc56yIGFCSy9leWe7
3TVXtAsR1Inumwj472S9r4,4fxd5Ee7UefO4CUXgwJ7IP
3TVXtAsR1Inumwj472S9r4,3nFkdlSjzX9mRTtwJOzDYB
3TVXtAsR1Inumwj472S9r4,1RyvyyTE3xzB2ZywiAwp0i
3TVXtAsR1Inumwj472S9r4,50co4Is1HCEo8bhOyUWKpn
3TVXtAsR1Inumwj472S9r4,08Ld63UgKrJ0nZnCkzHtzc
3TVXtAsR1Inumwj472S9r4,687cZJR45JO7jhk1LHIbgq
3TVXtAsR1Inumwj472S9r4,7c0XG5cIJTrrAgEC3ULPiq
3TVXtAsR1Inumwj472S9r4,55Aa2cqylxrFIXC767Z865
3TVXtAsR1Inumwj472S9r4,1sBkRIssrMs1AbVkOJbc7a
3TVXtAsR1Inumwj472S9r4,0fA0VVWsXO9YnASrzqfmYu
3TVXtAsR1Inumwj472S9r4,7bXgB6jMjp9ATFy66eO08Z
3TVXtAsR1Inumwj472S9r4,699OTQXzgjhIYAHMy9RyPD
3TVXtAsR1Inumwj472S9r4,14CHVeJGrR5xgUGQFV5BVM
3TVXtAsR1Inumwj472S9r4,2UyyBkpzN5w3hzZBZGvRZb
3TVXtAsR1Inumwj472S9r4,5ooSG9S0glqP5ZrqqaHBvT
3TVXtAsR1Inumwj472S9r4,3fMbdgg4jU18AjLCKBhRSm
3TVXtAsR1Inumwj472S9r4,3pbi8H08p95NUZ7m6ybxUV
3TVXtAsR1Inumwj472S9r4,3S0tlB4fE7ChxI2pWz8Xip
3TVXtAsR1Inumwj472S9r4,6wMr4zKPrrR0UVz08WtUWc
3TVXtAsR1Inumwj472S9r4,1CoZyIx7UvdxT5c8UkMzHd
3TVXtAsR1Inumwj472S9r4,2WoVwexZuODvclzULjPQtm
3TVXtAsR1Inumwj472S9r4,0VRj0yCOv2FXJNP47XQnx5
3TVXtAsR1Inumwj472S9r4,17lzZA2AlOHwCwFALHttmp
3TVXtAsR1Inumwj472S9r4,5K4W6rqBFWDnAN6FQUkS6x
3TVXtAsR1Inumwj472S9r4,7e1ICztHM2Sc4JNLxeMXYl
3TVXtAsR1Inumwj472S9r4,7v9bFXCdSMA2o3gS4nvp0F
3TVXtAsR1Inumwj472S9r4,3tVQdUvClmAT7URs9V3rsp
3TVXtAsR1Inumwj472S9r4,6TK7fjRPdy2GW2pJzNF23L
3TVXtAsR1Inumwj472S9r4,5pKCCKE2ajJHZ9KAiaK11H
3TVXtAsR1Inumwj472S9r4,4HzKw8XcD0piJmDrrPRCYk
3TVXtAsR1Inumwj472S9r4,5ZS223C6JyBfXasXxrRqOk
3TVXtAsR1Inumwj472S9r4,4sglKanXuoU0gqGYP3wiNv
3TVXtAsR1Inumwj472S9r4,0c173mlxpT3dSFRgMO8XPh
3TVXtAsR1Inumwj472S9r4,1Xyo4u8uXC1ZmMpatF05PJ
3TVXtAsR1Inumwj472S9r4,2YZyLoL8N0Wb9xBt1NhZWg
3TVXtAsR1Inumwj472S9r4,35sCXuy5gN6Or69rZ9vqBs
3TVXtAsR1Inumwj472S9r4,0hCNtLu0JehylgoiP8L4Gh
3TVXtAsR1Inumwj472S9r4,74V3dE1a51skRkdII8y2C6
3TVXtAsR1Inumwj472S9r4,3DiDSECUqqY1AuBP8qtaIa
3TVXtAsR1Inumwj472S9r4,4OBJLual30L7gRl5UkeRcT
3TVXtAsR1Inumwj472S9r4,2cADQgiLMjNhbsfeN52Bf3
3TVXtAsR1Inumwj472S9r4,1W3FSF1BLpY3hlVIgvenLz
3TVXtAsR1Inumwj472S9r4,4yBK75WVCQXej1p04GWqxH
3TVXtAsR1Inumwj472S9r4,2iojnBLj0qIMiKPvVhLnsH
3TVXtAsR1Inumwj472S9r4,6u11Qbko2N2hP4lTBYjX86
3TVXtAsR1Inumwj472S9r4,1Xfmvd48oOhEWkscWyEbh9
3TVXtAsR1Inumwj472S9r4,6oBm8HB0yfrIc9IHbxs6in
3TVXtAsR1Inumwj472S9r4,6Jrxnp0JgqmeUX1veU591p
3TVXtAsR1Inumwj472S9r4,45a6gCQWq61lIUDmr1tKuO
3TVXtAsR1Inumwj472S9r4,0f5nVCcR06GX8Qikz0COtT
3TVXtAsR1Inumwj472S9r4,0qudezVgvl4Chd9BgNFB83
699OTQXzgjhIYAHMy9RyPD,5K4W6rqBFWDnAN6FQUkS6x
699OTQXzgjhIYAHMy9RyPD,0fA0VVWsXO9YnASrzqfmYu
699OTQXzgjhIYAHMy9RyPD,1RyvyyTE3xzB2ZywiAwp0i
699OTQXzgjhIYAHMy9RyPD,2p1fiYHYiXz9qi0JJyxBzN
699OTQXzgjhIYAHMy9RyPD,0Y5tJX1MQlPlqiwlOH1tJY
699OTQXzgjhIYAHMy9RyPD,4O15NlyKLIASxsJ0PrXPfz
699OTQXzgjhIYAHMy9RyPD,3x3jSlhyv5CiCZDZlaTq0M
699OTQXzgjhIYAHMy9RyPD,0hCNtLu0JehylgoiP8L4Gh
699OTQXzgjhIYAHMy9RyPD,2EMAnMvWE2eb56ToJVfCWs
699OTQXzgjhIYAHMy9RyPD,15iVAtD3s3FsQR4w1v6M0P
699OTQXzgjhIYAHMy9RyPD,2hlmm7s2ICUX0LVIhVFlZQ
699OTQXzgjhIYAHMy9RyPD,4ORGLIaI1piqzCpthayo9B
699OTQXzgjhIYAHMy9RyPD,50co4Is1HCEo8bhOyUWKpn
699OTQXzgjhIYAHMy9RyPD,5yPzzu25VzEk8qrGTLIrE1
699OTQXzgjhIYAHMy9RyPD,13ubrt8QOOCPljQ2FL1Kca
699OTQXzgjhIYAHMy9RyPD,5YZ5AExR68U3ZblH6HcO6B
699OTQXzgjhIYAHMy9RyPD,3AbxYdBPKqzax829J0Z0Nk
699OTQXzgjhIYAHMy9RyPD,0bZ9jANLkwEFVcSnHnwrpb
699OTQXzgjhIYAHMy9RyPD,3fHjwMnkM9ov8CozqkYxWY
699OTQXzgjhIYAHMy9RyPD,6xFrZbce9KH5APjBe4QVNa
699OTQXzgjhIYAHMy9RyPD,6xS5PpBWaVYraexEkEjjXv
699OTQXzgjhIYAHMy9RyPD,3UfNB0QfnzcwdcuNMa0JrF
699OTQXzgjhIYAHMy9RyPD,4l8WPB3dhjAUOFcoCa8FOR
699OTQXzgjhIYAHMy9RyPD,3G1mJlJ4VCzv5TRNSSoHQF
699OTQXzgjhIYAHMy9RyPD,6WkUZyqghQei2G809wMKuZ
699OTQXzgjhIYAHMy9RyPD,1pPmIToKXyGdsCF6LmqLmI
699OTQXzgjhIYAHMy9RyPD,46SHBwWsqBkxI7EeeBEQG7
6vWDO969PvNqNYHIOW5v0m,5xKVALj2MSqOHmQhburCM8
6vWDO969PvNqNYHIOW5v0m,6YM5gRpMJkP0kUWRcvlHT3
6vWDO969PvNqNYHIOW5v0m,26VEPCGAYB9OClQodb0OR1
6vWDO969PvNqNYHIOW5v0m,4jpqm8g4We93Uk6M9M4FDh
6vWDO969PvNqNYHIOW5v0m,3wagsd3wjqjNVlMLPudipm
6vWDO969PvNqNYHIOW5v0m,5W5bDNCqJ1jbCgTxDD0Cb3
6vWDO969PvNqNYHIOW5v0m,32vWCbZh0xZ4o9gkz4PsEU
6vWDO969PvNqNYHIOW5v0m,78adFi9EyRkMh3CTIatrV9
6vWDO969PvNqNYHIOW5v0m,3y2cIKLjiOlp1Np37WiUdH
6vWDO969PvNqNYHIOW5v0m,5OCZWZ399lBKgxBxE8cjRM
6vWDO969PvNqNYHIOW5v0m,5YGY8feqx7naU7z4HrwZM6
6vWDO969PvNqNYHIOW5v0m,246dkjvS1zLTtiykXe5h60
6vWDO969PvNqNYHIOW5v0m,46MWeeHNVMYRIIofQBEX98
6vWDO969PvNqNYHIOW5v0m,2f9ZiYA2ic1r1voObUimdd
6vWDO969PvNqNYHIOW5v0m,687cZJR45JO7jhk1LHIbgq
6vWDO969PvNqNYHIOW5v0m,6IhG3Yxm3UW98jhyBvrIut
6vWDO969PvNqNYHIOW5v0m,2MfKVXjjRUAUEeh4b4y8Sc
6vWDO969PvNqNYHIOW5v0m,4TAoP0f9OuWZUesao43xUW
6vWDO969PvNqNYHIOW5v0m,7fKO99ryLDo8VocdtVvwZW
6vWDO969PvNqNYHIOW5v0m,3wcj11K77LjEY1PkEazffa
6vWDO969PvNqNYHIOW5v0m,2YZyLoL8N0Wb9xBt1NhZWg
6vWDO969PvNqNYHIOW5v0m,3nFkdlSjzX9mRTtwJOzDYB
6vWDO969PvNqNYHIOW5v0m,73sIBHcqh3Z3NyqHKZ7FOL
6vWDO969PvNqNYHIOW5v0m,65CKKZilbcSKkAPC9a5Mvh
6vWDO969PvNqNYHIOW5v0m,3jO7uMLDPJngUhguQlaDFP
6vWDO969PvNqNYHIOW5v0m,2RdwBSPQiwcmiDo9kixcl8
6vWDO969PvNqNYHIOW5v0m,3XV0lFzNs8BCTwhJTcMiBr
6vWDO969PvNqNYHIOW5v0m,0H39MdGGX6dbnnQPt6NQkZ
6vWDO969PvNqNYHIOW5v0m,3tVQdUvClmAT7URs9V3rsp
6vWDO969PvNqNYHIOW5v0m,1hNaHKp2Za5YdOAG0WnRbc
6vWDO969PvNqNYHIOW5v0m,42q0rYXtR561ypg1Fcw1PI
6vWDO969PvNqNYHIOW5v0m,738wLrAtLtCtFOLvQBXOXp
6vWDO969PvNqNYHIOW5v0m,7f9KxQWD88MZrSY6jc0zoW
6vWDO969PvNqNYHIOW5v0m,3RThWxnHbyN5Hvkr66eYj7
6vWDO969PvNqNYHIOW5v0m,4lPl9gqgox3JDiaJ1yklKh
6vWDO969PvNqNYHIOW5v0m,6aDX1jzNVAI9enlQzW0Pgw
6vWDO969PvNqNYHIOW5v0m,1svX5cMlY22N60RxwzeJNO
6vWDO969PvNqNYHIOW5v0m,12Zk1DFhCbHY6v3xep2ZjI
6vWDO969PvNqNYHIOW5v0m,3KedxarmBCyFBevnqQHy3P
6vWDO969PvNqNYHIOW5v0m,6AxHPycFTjxDROqK1pzsAE
6vWDO969PvNqNYHIOW5v0m,28DFDpyRKnHQr6BFNPGP4L
6vWDO969PvNqNYHIOW5v0m,4pymj2vy5yR9nIVrIaZ6ga
6vWDO969PvNqNYHIOW5v0m,2wrxoZjEVKfJZhxCiqK0ju
6vWDO969PvNqNYHIOW5v0m,3qBrg0c1loxePyWQxp6F75
6vWDO969PvNqNYHIOW5v0m,0FVsUxcFSlxwIM7Qs31s6J
6vWDO969PvNqNYHIOW5v0m,7xX39IyguhWsTIg4eU2reH
6vWDO969PvNqNYHIOW5v0m,4KksP8dIhwtsf7RD6Xvd6y
6vWDO969PvNqNYHIOW5v0m,3ZNQlU5HogZcqfsaFHtq6u
6vWDO969PvNqNYHIOW5v0m,7G3HCN6GKPd8lOCSFNaoXV
6vWDO969PvNqNYHIOW5v0m,1vyhD5VmyZ7KMfW5gqLgo5
6vWDO969PvNqNYHIOW5v0m,4RSyJzf7ef6Iu2rnLdabNq
6vWDO969PvNqNYHIOW5v0m,3AuMNF8rQAKOzjYppFNAoB
6vWDO969PvNqNYHIOW5v0m,6t7nbFAc2dUa7oNu7kBOui
6vWDO969PvNqNYHIOW5v0m,4FZ3j1oH43e7cukCALsCwf
6vWDO969PvNqNYHIOW5v0m,1Xyo4u8uXC1ZmMpatF05PJ
6vWDO969PvNqNYHIOW5v0m,53KwLdlmrlCelAZMaLVZqU
6vWDO969PvNqNYHIOW5v0m,3TVXtAsR1Inumwj472S9r4
6vWDO969PvNqNYHIOW5v0m,2jmAsMZ9hdMfeyCLiBeCzI
6vWDO969PvNqNYHIOW5v0m,2h93pZq0e7k5yf4dywlkpM
6vWDO969PvNqNYHIOW5v0m,0hCNtLu0JehylgoiP8L4Gh
6vWDO969PvNqNYHIOW5v0m,5K4W6rqBFWDnAN6FQUkS6x
6vWDO969PvNqNYHIOW5v0m,1pmixngtBJleMrGUG5o8DE
6vWDO969PvNqNYHIOW5v0m,5toAPS22hqjqGy4MQwpAM0
6vWDO969PvNqNYHIOW5v0m,6t1QCRhViEFcYbIzNapUj0
6vWDO969PvNqNYHIOW5v0m,0qy3SWTPGNnQpTuqk9eG8G
6vWDO969PvNqNYHIOW5v0m,74V3dE1a51skRkdII8y2C6
6vWDO969PvNqNYHIOW5v0m,6TQj5BFPooTa08A7pk8AQ1
6vWDO969PvNqNYHIOW5v0m,6w3OAmGxtXCIt0bwyCupfQ
6vWDO969PvNqNYHIOW5v0m,634n2o28cVdR45nvwibcaP
6vWDO969PvNqNYHIOW5v0m,6GMYJwaziB4ekv1Y6wCDWS
6vWDO969PvNqNYHIOW5v0m,1Y8cdNmUJH7yBTd9yOvr5i
6vWDO969PvNqNYHIOW5v0m,0EmeFodog0BfCgMzAIvKQp
6vWDO969PvNqNYHIOW5v0m,6sq1yF0OZEWA4xoXVKW1L9
6vWDO969PvNqNYHIOW5v0m,3jO614mmyQEUtwYgyIYZQR
6vWDO969PvNqNYHIOW5v0m,7oARdGGrQgcrHL1iwOdAav
6vWDO969PvNqNYHIOW5v0m,45a6gCQWq61lIUDmr1tKuO
6vWDO969PvNqNYHIOW5v0m,0st5vgzw9XkH5ALJiUM1lE
6vWDO969PvNqNYHIOW5v0m,3K5AWAZhXhIpFHICufMsDn
6vWDO969PvNqNYHIOW5v0m,3Isy6kedDrgPYoTS1dazA9
6vWDO969PvNqNYHIOW5v0m,2ht3wxeT69CzyKFChNnNAB
6vWDO969PvNqNYHIOW5v0m,7Dnu2NmddNymEI2LMZVH5v
6vWDO969PvNqNYHIOW5v0m,2wIVse2owClT7go1WT98tk
6vWDO969PvNqNYHIOW5v0m,19y5MFBH7gohEdGwKM7QsP
1jBoSSrbz9n4ehQWA4cZgB,1GVenmuuAtusi17LY6FvgI
1jBoSSrbz9n4ehQWA4cZgB,1bPS827zEKbtWhNcWUMTpO
1jBoSSrbz9n4ehQWA4cZgB,3hcs9uc56yIGFCSy9leWe7
1jBoSSrbz9n4ehQWA4cZgB,35sCXuy5gN6Or69rZ9vqBs
1jBoSSrbz9n4ehQWA4cZgB,757aE44tKEUQEqRuT6GnEB
1jBoSSrbz9n4ehQWA4cZgB,1t22AdiJ8P9eXOnoJ8xPJT
1jBoSSrbz9n4ehQWA4cZgB,1ZbmerOthZbxz5eR3c9Mn1
1jBoSSrbz9n4ehQWA4cZgB,1iwUuIOKYjV7SKIg27v4zi
1jBoSSrbz9n4ehQWA4cZgB,5QdEbQJ3ylBnc3gsIASAT5
1jBoSSrbz9n4ehQWA4cZgB,4r63FhuTkUYltbVAg5TQnk
1jBoSSrbz9n4ehQWA4cZgB,6Xgp2XMz1fhVYe7i6yNAax
1jBoSSrbz9n4ehQWA4cZgB,4PNHuWkk4ee6R8WEhFVPf5
1jBoSSrbz9n4ehQWA4cZgB,5f7VJjfbwm532GiveGC0ZK
1jBoSSrbz9n4ehQWA4cZgB,30bCJGAVNB4s6UkQy8a87a
1jBoSSrbz9n4ehQWA4cZgB,4uKEP0JYfpFtngWlgViewd
1jBoSSrbz9n4ehQWA4cZgB,6aLoJJxz7MV2iZ423S8tJC
1jBoSSrbz9n4ehQWA4cZgB,3zZ88AwlTwfCJkowsFCvLA
1jBoSSrbz9n4ehQWA4cZgB,51ZnBQ5Bi5kPMGyKv3i5yz
1jBoSSrbz9n4ehQWA4cZgB,2jFPVmw8xIFuKFe8XQpVXF
1jBoSSrbz9n4ehQWA4cZgB,7neg7L2aQRvIrkuVpiclvm
1jBoSSrbz9n4ehQWA4cZgB,46E7zWfwTNuVGmaNWQpZPT
1jBoSSrbz9n4ehQWA4cZgB,4JRDh5SjPAL7AE8btAfxnm
1jBoSSrbz9n4ehQWA4cZgB,3jRKhk4ULSTMA2HcsGrvok
1URnnhqYAYcrqrcwql10ft,5cj0lLjcoR7YOSnhnX0Po5
1URnnhqYAYcrqrcwql10ft,50co4Is1HCEo8bhOyUWKpn
1URnnhqYAYcrqrcwql10ft,0iEtIxbK0KxaSlF7G42ZOp
1URnnhqYAYcrqrcwql10ft,3hcs9uc56yIGFCSy9leWe7
1URnnhqYAYcrqrcwql10ft,0Y5tJX1MQlPlqiwlOH1tJY
1URnnhqYAYcrqrcwql10ft,57LYzLEk2LcFghVwuWbcuS
1URnnhqYAYcrqrcwql10ft,3tlXnStJ1fFhdScmQeLpuG
1URnnhqYAYcrqrcwql10ft,3wcj11K77LjEY1PkEazffa
1URnnhqYAYcrqrcwql10ft,7FvQR6QFfXmW18dyMqnHvv
1URnnhqYAYcrqrcwql10ft,1buzCmyYZE4kcdLRudsb8V
1URnnhqYAYcrqrcwql10ft,7HO5fOXE4gh3lzZn64tX2E
1URnnhqYAYcrqrcwql10ft,3TVXtAsR1Inumwj472S9r4
1URnnhqYAYcrqrcwql10ft,5yPzzu25VzEk8qrGTLIrE1
1URnnhqYAYcrqrcwql10ft,13y7CgLHjMVRMDqxdx0Xdo
1URnnhqYAYcrqrcwql10ft,1zNqQNIdeOUZHb8zbZRFMX
1URnnhqYAYcrqrcwql10ft,2hlmm7s2ICUX0LVIhVFlZQ
1URnnhqYAYcrqrcwql10ft,3tVQdUvClmAT7URs9V3rsp
1URnnhqYAYcrqrcwql10ft,1vyhD5VmyZ7KMfW5gqLgo5
1URnnhqYAYcrqrcwql10ft,4DdkRBBYG6Yk9Ka8tdJ9BW
1URnnhqYAYcrqrcwql10ft,46SHBwWsqBkxI7EeeBEQG7
1URnnhqYAYcrqrcwql10ft,0VRj0yCOv2FXJNP47XQnx5
1URnnhqYAYcrqrcwql10ft,47aisDDOE2lnSQMlplLKcG
1URnnhqYAYcrqrcwql10ft,5AQVXVBupwWBMUC1A2JOkk
1URnnhqYAYcrqrcwql10ft,1Ukd2DtqpLxxy0q8yV7dfy
1URnnhqYAYcrqrcwql10ft,6X9Dt3dsZDeWzMBfekaoPB
1URnnhqYAYcrqrcwql10ft,7498Mt6aJmY3IbT1VQtCMO
1URnnhqYAYcrqrcwql10ft,6icQOAFXDZKsumw3YXyusw
1URnnhqYAYcrqrcwql10ft,42yf4QkiE9a252krn9OUCb
1URnnhqYAYcrqrcwql10ft,3ohrdimoWGwbjGMOnTDoUJ
1URnnhqYAYcrqrcwql10ft,3eu4XaXUnk055bWtkKkK3W
1URnnhqYAYcrqrcwql10ft,6iHjyhqvFSzRPe329fW6WD
1URnnhqYAYcrqrcwql10ft,0HzI1MAn0S0qPfOqBQPlxQ
1URnnhqYAYcrqrcwql10ft,1RyvyyTE3xzB2ZywiAwp0i
1URnnhqYAYcrqrcwql10ft,3yRtC7bQR0iLmbXtBWw23k
1URnnhqYAYcrqrcwql10ft,3aGFCoR8xGN6DKwvdzeSja
1URnnhqYAYcrqrcwql10ft,5lwGLTTHEe9o4eUmiS8M5l
1Xyo4u8uXC1ZmMpatF05PJ,1gR0gsQYfi6joyO1dlp76N
1Xyo4u8uXC1ZmMpatF05PJ,7FNnA9vBm6EKceENgCGRMb
1Xyo4u8uXC1ZmMpatF05PJ,0Y5tJX1MQlPlqiwlOH1tJY
1Xyo4u8uXC1ZmMpatF05PJ,1moxjboGR7GNWYIMWsRjgG
1Xyo4u8uXC1ZmMpatF05PJ,1RyvyyTE3xzB2ZywiAwp0i
1Xyo4u8uXC1ZmMpatF05PJ,699OTQXzgjhIYAHMy9RyPD
1Xyo4u8uXC1ZmMpatF05PJ,6jU2Tt13MmXYk0ZBv1KmfO
1Xyo4u8uXC1ZmMpatF05PJ,00FQb4jTyendYWaN8pK0wa
1Xyo4u8uXC1ZmMpatF05PJ,4tZwfgrHOc3mvqYlEYSvVi
1Xyo4u8uXC1ZmMpatF05PJ,2YZyLoL8N0Wb9xBt1NhZWg
1Xyo4u8uXC1ZmMpatF05PJ,66CXWjxzNUsdJxJ2JdwvnR
1Xyo4u8uXC1ZmMpatF05PJ,23fqKkggKUBHNkbKtXEls4
1Xyo4u8uXC1ZmMpatF05PJ,13ubrt8QOOCPljQ2FL1Kca
1Xyo4u8uXC1ZmMpatF05PJ,50co4Is1HCEo8bhOyUWKpn
1Xyo4u8uXC1ZmMpatF05PJ,7c0XG5cIJTrrAgEC3ULPiq
1Xyo4u8uXC1ZmMpatF05PJ,4V8LLVI7PbaPR0K2TGSxFF
1Xyo4u8uXC1ZmMpatF05PJ,55Aa2cqylxrFIXC767Z865
1Xyo4u8uXC1ZmMpatF05PJ,1h6Cn3P4NGzXbaXidqURXs
1Xyo4u8uXC1ZmMpatF05PJ,2wPDbhaGXCqROrVmwDdCrK
1Xyo4u8uXC1ZmMpatF05PJ,6hyMWrxGBsOx6sWcVj1DqP
1Xyo4u8uXC1ZmMpatF05PJ,5PdkRVDASsw6P7QoqRpz0F
1Xyo4u8uXC1ZmMpatF05PJ,6qgnBH6iDM91ipVXv28OMu
1Xyo4u8uXC1ZmMpatF05PJ,57LYzLEk2LcFghVwuWbcuS
1Xyo4u8uXC1ZmMpatF05PJ,5TAipisjquAkq2o7lzMJyc
1Xyo4u8uXC1ZmMpatF05PJ,3hteYQFiMFbJY7wS0xDymP
1Xyo4u8uXC1ZmMpatF05PJ,2feDdbD5araYcm6JhFHHw7
1Xyo4u8uXC1ZmMpatF05PJ,6eUKZXaKkcviH0Ku9w2n3V
1Xyo4u8uXC1ZmMpatF05PJ,3TVXtAsR1Inumwj472S9r4
1Xyo4u8uXC1ZmMpatF05PJ,0UF7XLthtbSF2Eur7559oV
1Xyo4u8uXC1ZmMpatF05PJ,5gCRApTajqwbnHHPbr2Fpi
1zNqQNIdeOUZHb8zbZRFMX,0FOWNUFHPnMy0vOw1siGqi
1zNqQNIdeOUZHb8zbZRFMX,1OFOShsIbhy1l5x73yuVyB
1zNqQNIdeOUZHb8zbZRFMX,44vREmJC0OlVZjZaGLqVEd
1zNqQNIdeOUZHb8zbZRFMX,2LIk90788K0zvyj2JJVwkJ
1zNqQNIdeOUZHb8zbZRFMX,3tJoFztHeIJkJWMrx0td2f
1zNqQNIdeOUZHb8zbZRFMX,6CHFq8hiVCpHsNKsP2aMw2
1zNqQNIdeOUZHb8zbZRFMX,4lPl9gqgox3JDiaJ1yklKh
1zNqQNIdeOUZHb8zbZRFMX,79TnwjflPC7KqP9O4pXpDQ
1zNqQNIdeOUZHb8zbZRFMX,5jJjvmEwRr8epuGZq4eUUa
1zNqQNIdeOUZHb8zbZRFMX,04qaKnrL6BgL2Q9viRi1Lf
1zNqQNIdeOUZHb8zbZRFMX,45gHcnDnMC15sgx3VL7ROG
1zNqQNIdeOUZHb8zbZRFMX,6U3ybJ9UHNKEdsH7ktGBZ7
1zNqQNIdeOUZHb8zbZRFMX,58q28H7IgX06YXkPvUtGgR
1zNqQNIdeOUZHb8zbZRFMX,5cAtakaadWHJLxmGKrKcX7
1zNqQNIdeOUZHb8zbZRFMX,7iZtZyCzp3LItcw1wtPI3D
1zNqQNIdeOUZHb8zbZRFMX,7EEiVZvj6RCEtVX2F2pyxu
1zNqQNIdeOUZHb8zbZRFMX,0Y5tJX1MQlPlqiwlOH1tJY
1zNqQNIdeOUZHb8zbZRFMX,1Xyo4u8uXC1ZmMpatF05PJ
1zNqQNIdeOUZHb8zbZRFMX,1RyvyyTE3xzB2ZywiAwp0i
1zNqQNIdeOUZHb8zbZRFMX,5gCRApTajqwbnHHPbr2Fpi
1zNqQNIdeOUZHb8zbZRFMX,50co4Is1HCEo8bhOyUWKpn
1zNqQNIdeOUZHb8zbZRFMX,4G4om3U7TKES0hDBQYYVy7
1zNqQNIdeOUZHb8zbZRFMX,2RdwBSPQiwcmiDo9kixcl8
1zNqQNIdeOUZHb8zbZRFMX,0701LAQrkY5Il5vt06uNnC
1zNqQNIdeOUZHb8zbZRFMX,1jXEORdld3GJ0KFwao9EW8
67lytN32YpUxiSeWlKfHJ3,2xvtxDNInKDV4AvGmjw6d1
67lytN32YpUxiSeWlKfHJ3,6nB0iY1cjSY1KyhYyuIIKH
67lytN32YpUxiSeWlKfHJ3,3cGojc1Yu89IHXx8OeSnee
67lytN32YpUxiSeWlKfHJ3,5he5w2lnU9x7JFhnwcekXX
67lytN32YpUxiSeWlKfHJ3,51TXQniEQkYh89tfLjiuSy
67lytN32YpUxiSeWlKfHJ3,6hG0VsXXlD10l60TqiIHIX
67lytN32YpUxiSeWlKfHJ3,5H0YoDsPDi9fObFmJtTjfN
67lytN32YpUxiSeWlKfHJ3,0pAd8BWu4UHOQmDpPcz16u
67lytN32YpUxiSeWlKfHJ3,2AwAtRmbmsuIr40rJFIWlv
67lytN32YpUxiSeWlKfHJ3,5dHt1vcEm9qb8fCyLcB3HL
67lytN32YpUxiSeWlKfHJ3,069qBEK34YGoX7nSIT74Eg
67lytN32YpUxiSeWlKfHJ3,2oY0jtNDI67PkHe4LzGtjd
67lytN32YpUxiSeWlKfHJ3,7EmyqxxYZltYLKFk9sAHzM
67lytN32YpUxiSeWlKfHJ3,0Y5tJX1MQlPlqiwlOH1tJY
67lytN32YpUxiSeWlKfHJ3,1xaQSClXcsc1JvxZ2qnwBF
504DdVupqJJUEkzmHzJEfs,3Ebrjg9SZ4hQb7vYaC1jcz
50co4Is1HCEo8bhOyUWKpn,4O15NlyKLIASxsJ0PrXPfz
50co4Is1HCEo8bhOyUWKpn,0eayuW5zGMgvXCEmcP7ivq
50co4Is1HCEo8bhOyUWKpn,2z1ZZSBRCNYjOZmUcA3rSQ
50co4Is1HCEo8bhOyUWKpn,0iEtIxbK0KxaSlF7G42ZOp
50co4Is1HCEo8bhOyUWKpn,0dvFTsuG02c4cRbcSQ8zE6
50co4Is1HCEo8bhOyUWKpn,5lHRUCqkQZCIWeX7xG4sYT
50co4Is1HCEo8bhOyUWKpn,35sCXuy5gN6Or69rZ9vqBs
50co4Is1HCEo8bhOyUWKpn,5pU9lKGn9IUnVvOCONrcIS
50co4Is1HCEo8bhOyUWKpn,55Aa2cqylxrFIXC767Z865
50co4Is1HCEo8bhOyUWKpn,0VRj0yCOv2FXJNP47XQnx5
50co4Is1HCEo8bhOyUWKpn,4DdkRBBYG6Yk9Ka8tdJ9BW
50co4Is1HCEo8bhOyUWKpn,0xTcxl35DKXUeYRWqY10w6
50co4Is1HCEo8bhOyUWKpn,1d4LqKtPkn0vAfp5YyIox4
50co4Is1HCEo8bhOyUWKpn,13y7CgLHjMVRMDqxdx0Xdo
50co4Is1HCEo8bhOyUWKpn,1URnnhqYAYcrqrcwql10ft
50co4Is1HCEo8bhOyUWKpn,1RyvyyTE3xzB2ZywiAwp0i
50co4Is1HCEo8bhOyUWKpn,3TVXtAsR1Inumwj472S9r4
50co4Is1HCEo8bhOyUWKpn,4MCBfE4596Uoi2O4DtmEMz
50co4Is1HCEo8bhOyUWKpn,0hCNtLu0JehylgoiP8L4Gh
50co4Is1HCEo8bhOyUWKpn,2EnD37GNRe2REqHBKqMnZQ
50co4Is1HCEo8bhOyUWKpn,4ke9HXbejpYVMhbOjSa4le
50co4Is1HCEo8bhOyUWKpn,0Y5tJX1MQlPlqiwlOH1tJY
50co4Is1HCEo8bhOyUWKpn,1qUjOF5fzrpoNycD36b2jZ
50co4Is1HCEo8bhOyUWKpn,2WInxWtfee6mRhUQUmIRAH
50co4Is1HCEo8bhOyUWKpn,6l3HvQ5sa6mXTsMTB19rO5
50co4Is1HCEo8bhOyUWKpn,14qypx78D3Jd1mm7c2BqQb
50co4Is1HCEo8bhOyUWKpn,2hlmm7s2ICUX0LVIhVFlZQ
50co4Is1HCEo8bhOyUWKpn,13ubrt8QOOCPljQ2FL1Kca
50co4Is1HCEo8bhOyUWKpn,246dkjvS1zLTtiykXe5h60
50co4Is1HCEo8bhOyUWKpn,4uKEP0JYfpFtngWlgViewd
50co4Is1HCEo8bhOyUWKpn,5cj0lLjcoR7YOSnhnX0Po5
50co4Is1HCEo8bhOyUWKpn,5phOCTS0ZqbZGVXdpG6rLu
50co4Is1HCEo8bhOyUWKpn,4LLpKhyESsyAXpc4laK94U
50co4Is1HCEo8bhOyUWKpn,1xr2G8Hlx4QWmT9HaUbmoO
50co4Is1HCEo8bhOyUWKpn,4r63FhuTkUYltbVAg5TQnk
50co4Is1HCEo8bhOyUWKpn,4Gso3d4CscCijv0lmajZWs
50co4Is1HCEo8bhOyUWKpn,7MazYlxuRQu6Wke8dc5XUh
50co4Is1HCEo8bhOyUWKpn,1bqJuNMz1iBqWo9B0BdIiM
50co4Is1HCEo8bhOyUWKpn,0V2GQkZJjZOKTZTfss9CsD
50co4Is1HCEo8bhOyUWKpn,6AMa1VFQ7qCi61tCRtVWXe
50co4Is1HCEo8bhOyUWKpn,2f6hqWBFjqS1EUHMS1JOFB
50co4Is1HCEo8bhOyUWKpn,23mJPosA4Qmp8kc6IlWalb
50co4Is1HCEo8bhOyUWKpn,5PHYg0IcnpyZJ1y9euAx4i
50co4Is1HCEo8bhOyUWKpn,06Qf6vq8AVIpE9XIw8LAsY
50co4Is1HCEo8bhOyUWKpn,6LXRvV2OAtXF7685fzh3mj
50co4Is1HCEo8bhOyUWKpn,5f7VJjfbwm532GiveGC0ZK
50co4Is1HCEo8bhOyUWKpn,7J0hrNYCO5DgAx0XaRJqkh
50co4Is1HCEo8bhOyUWKpn,6RY7kT6PGGzAA3TG3s4Qmp
50co4Is1HCEo8bhOyUWKpn,6AMd49uBDJfhf30Ak2QR5s
50co4Is1HCEo8bhOyUWKpn,3uJx5SnOM59Li7lCxA3b29
50co4Is1HCEo8bhOyUWKpn,0c173mlxpT3dSFRgMO8XPh
50co4Is1HCEo8bhOyUWKpn,2p1fiYHYiXz9qi0JJyxBzN
50co4Is1HCEo8bhOyUWKpn,1cNDP5yjU5vjeR8qMf4grg
50co4Is1HCEo8bhOyUWKpn,3KNIG74xSTc3dj0TRy7pGX
50co4Is1HCEo8bhOyUWKpn,2RDOrhPqAM4jzTRCEb19qX
50co4Is1HCEo8bhOyUWKpn,0fA0VVWsXO9YnASrzqfmYu
50co4Is1HCEo8bhOyUWKpn,4YURkxOtE9WWvMcYrmsVRg
50co4Is1HCEo8bhOyUWKpn,7DBeFeXHrHygx9GcJueqzB
50co4Is1HCEo8bhOyUWKpn,20sxb77xiYeusSH8cVdatc
50co4Is1HCEo8bhOyUWKpn,7bXgB6jMjp9ATFy66eO08Z
50co4Is1HCEo8bhOyUWKpn,2Hkr2U742ustoFcSW378ZE
50co4Is1HCEo8bhOyUWKpn,4sb7rZNN93BSS6Gqgepo4v
50co4Is1HCEo8bhOyUWKpn,3crnzLy8R4lVwaigKEOz7V
50co4Is1HCEo8bhOyUWKpn,13lxs5lLGCBMyGLfmtfLEK
50co4Is1HCEo8bhOyUWKpn,6TIYQ3jFPwQSRmorSezPxX
50co4Is1HCEo8bhOyUWKpn,6aLoJJxz7MV2iZ423S8tJC
50co4Is1HCEo8bhOyUWKpn,7rkW85dBwwrJtlHRDkJDAC
50co4Is1HCEo8bhOyUWKpn,5G0rFFvPHNS5lZ7abaxNXT
50co4Is1HCEo8bhOyUWKpn,1DcWHZmzu1JT5IYWDDwHDU
50co4Is1HCEo8bhOyUWKpn,4tMm1dU6Gn04VAZ9ClHcIZ
50co4Is1HCEo8bhOyUWKpn,4jy060Kq9nOxxlLINTl1fj
50co4Is1HCEo8bhOyUWKpn,7gjbBSAraXRXxOTAkmWWQn
50co4Is1HCEo8bhOyUWKpn,6tZAIz71L37A8EBBVxn1fi
50co4Is1HCEo8bhOyUWKpn,5OecgEmtfWSu9lHS62mdcP
50co4Is1HCEo8bhOyUWKpn,3eSQPLy8hktGQTGSVB51lD
50co4Is1HCEo8bhOyUWKpn,3hcs9uc56yIGFCSy9leWe7
50co4Is1HCEo8bhOyUWKpn,7hJcb9fa4alzcOq3EaNPoG
50co4Is1HCEo8bhOyUWKpn,4cmA2QDPdzh8W2ytpyUGes
50co4Is1HCEo8bhOyUWKpn,7aBzpmFXB4WWpPl2F7RjBe
50co4Is1HCEo8bhOyUWKpn,4vbX3rVEczKzPwOqh3wrC9
50co4Is1HCEo8bhOyUWKpn,6oMuImdp5ZcFhWP0ESe6mG
50co4Is1HCEo8bhOyUWKpn,6Z99p0M73gzZSHQ1FlonCi
50co4Is1HCEo8bhOyUWKpn,7wOvun0Uru1MWTMlqbnbrA
50co4Is1HCEo8bhOyUWKpn,4IzkuUevCR7evTUwixiu25
50co4Is1HCEo8bhOyUWKpn,4bLuMvzrTBLhFn95OBHi08
50co4Is1HCEo8bhOyUWKpn,76pNlASlRWeYGQi8ljWoJa
50co4Is1HCEo8bhOyUWKpn,3CiKlW36NghGkT6fc4ojVI
0ABk515kENDyATUdpCKVfW,6BBkWyAZhcINj7GecYg3Wd
0ABk515kENDyATUdpCKVfW,35fcckhFq2cF2u7hIG0fPv
0ABk515kENDyATUdpCKVfW,42CdfzvwQxU730Iod5qjyX
0ABk515kENDyATUdpCKVfW,3JK7aKAWZ0jR2sbTZW25V5
0ABk515kENDyATUdpCKVfW,67gqUXxHedeUGDTxwBzdjS
0ABk515kENDyATUdpCKVfW,5Matrg5du62bXwer29cU5T
0ABk515kENDyATUdpCKVfW,4fpwOzxFRMVGfd197dKIdY
0ABk515kENDyATUdpCKVfW,14P6nG9Uxzwzt7L8GoqMwL
0ABk515kENDyATUdpCKVfW,7c0zOr4ffb5eteXrxWt7oB
0ABk515kENDyATUdpCKVfW,5oNgAs7j5XcBMzWv3HAnHG
0ABk515kENDyATUdpCKVfW,0eVyjRhzZKke2KFYTcDkeu
0ABk515kENDyATUdpCKVfW,5IcR3N7QB1j6KBL8eImZ8m
0ABk515kENDyATUdpCKVfW,0gyKaoedfYv49oE9CVTHfd
0ABk515kENDyATUdpCKVfW,6U3ybJ9UHNKEdsH7ktGBZ7
0ABk515kENDyATUdpCKVfW,2Fsw6Hh9wWybcZPZZEGYPj
0ABk515kENDyATUdpCKVfW,1sBkRIssrMs1AbVkOJbc7a
0ABk515kENDyATUdpCKVfW,56AGdzJxOFwP3yjv9UG41A
0ABk515kENDyATUdpCKVfW,3S0tlB4fE7ChxI2pWz8Xip
0ABk515kENDyATUdpCKVfW,7c0XG5cIJTrrAgEC3ULPiq
0ABk515kENDyATUdpCKVfW,4J55gzoHd6d6Wymxoz7qck
0ABk515kENDyATUdpCKVfW,6fxyWrfmjcbj5d12gXeiNV
0ABk515kENDyATUdpCKVfW,4FlG0V0jhLO4qGpayFOphj
0ABk515kENDyATUdpCKVfW,1r2g5dWOYdTg3Yw1rPY0OE
0ABk515kENDyATUdpCKVfW,4yBK75WVCQXej1p04GWqxH
0ABk515kENDyATUdpCKVfW,6lOaHNmL3l3hKDGNf0egfs
0ABk515kENDyATUdpCKVfW,6Q4MFlysvdbBeEhoKgAUbY
0ABk515kENDyATUdpCKVfW,7gmVTgaiN0gpDJKvTHPTRL
0ABk515kENDyATUdpCKVfW,6aLoJJxz7MV2iZ423S8tJC
0ABk515kENDyATUdpCKVfW,13ubrt8QOOCPljQ2FL1Kca
0ABk515kENDyATUdpCKVfW,67ei8ib6PLT1w3OkhIb4fB
0ABk515kENDyATUdpCKVfW,1YfEcTuGvBQ8xSD1f53UnK
0ABk515kENDyATUdpCKVfW,2yQf6b8hxahZaT5dHlWaB1
0ABk515kENDyATUdpCKVfW,6FD0unjzGQhX3b6eMccMJe
0ABk515kENDyATUdpCKVfW,4RnBFZRiMLRyZy0AzzTg2C
0ABk515kENDyATUdpCKVfW,53S3boqktbqiB1JfHzsu1f
0ABk515kENDyATUdpCKVfW,7jDblfQQLFAZCKXFfoGZ9Q
0ABk515kENDyATUdpCKVfW,2VYwa2ah7zx9nF8EHo8UHk
0ABk515kENDyATUdpCKVfW,2fr702VRVFZyDIIFUsLTaJ
0ABk515kENDyATUdpCKVfW,7cTfr9nU9kwlKrVxwghbxN
0ABk515kENDyATUdpCKVfW,0TkqXdyWLsssJH7okthMPQ
0ABk515kENDyATUdpCKVfW,3v5QME33moqnKBPOkdZp6f
0ABk515kENDyATUdpCKVfW,4aAGG2cCHa15MPo795nJ97
0ABk515kENDyATUdpCKVfW,3I6neO2jiyMa8arh6JBe7e
0ABk515kENDyATUdpCKVfW,3ZMur3elMyOs248ah86NRk
0ABk515kENDyATUdpCKVfW,17lzZA2AlOHwCwFALHttmp
0ABk515kENDyATUdpCKVfW,53IIk03HWWJ2Z7QwQ9yFHh
0ABk515kENDyATUdpCKVfW,1grN0519h2zYqpRtYbDZAl
0ABk515kENDyATUdpCKVfW,5I5RRzGR7dWyhADAvMNKzM
0ABk515kENDyATUdpCKVfW,7HqrSDuI9lHuH1CDismTFg
0ABk515kENDyATUdpCKVfW,4V8LLVI7PbaPR0K2TGSxFF
0ABk515kENDyATUdpCKVfW,4fTYZStyu4hbEdegv3ieYd
0ABk515kENDyATUdpCKVfW,5pnbUBPifNnlusY8kTBivi
0ABk515kENDyATUdpCKVfW,42yf4QkiE9a252krn9OUCb
0ABk515kENDyATUdpCKVfW,55Aa2cqylxrFIXC767Z865
0ABk515kENDyATUdpCKVfW,1g8uGVofjr2ApBrI8OZhJf
0ABk515kENDyATUdpCKVfW,6DJEUXZm0e2rAohdoZ5Voo
0ABk515kENDyATUdpCKVfW,1W9qOBYRTfP7HcizWN43G1
0ABk515kENDyATUdpCKVfW,54jJabxN5Xa0aMGK4mYdVg
0ABk515kENDyATUdpCKVfW,3kf0gOpxWtkyeMNJVDQPtd
0ABk515kENDyATUdpCKVfW,6zyceZKxfnkaeR9jrDXvvK
0ABk515kENDyATUdpCKVfW,2P5sC9cVZDToPxyomzF1UH
0ABk515kENDyATUdpCKVfW,67nwj3Y5sZQLl72VNUHEYE
0ABk515kENDyATUdpCKVfW,24Cf1irKt7kcewb9OOkPum
0ABk515kENDyATUdpCKVfW,0Y4inQK6OespitzD6ijMwb
0ABk515kENDyATUdpCKVfW,5X0V59ipZnbvnubW0rQVri
0ABk515kENDyATUdpCKVfW,19Cfa4TOE7t0nT7wjoWFjG
0ABk515kENDyATUdpCKVfW,3ScY9CQxNLQei8Umvpx5g6
0ABk515kENDyATUdpCKVfW,6X8WdFjrNhXATMDSs26aCc
0ABk515kENDyATUdpCKVfW,634SGjHymnyKi6915zbuDL
0ABk515kENDyATUdpCKVfW,2QOP6zKx1d0gGEtuuXOvJ3
0ABk515kENDyATUdpCKVfW,44WMYz1EXbTBHUCbNX2QBc
0ABk515kENDyATUdpCKVfW,0giUOGLTAaVVbdr7aSwM0N
0ABk515kENDyATUdpCKVfW,6OwOuTjrLVrlMH1nxxIjbT
0ABk515kENDyATUdpCKVfW,3jK9MiCrA42lLAdMGUZpwa
0ABk515kENDyATUdpCKVfW,2x8KDZdSONA3872CnhaAlX
0ABk515kENDyATUdpCKVfW,1XB5jZ9Rz3TdFV6UDS5182
0ABk515kENDyATUdpCKVfW,0AC3R7uWzvb7fuzj60XPx2
0ABk515kENDyATUdpCKVfW,0OJVU8QA5O4B0PnRzAWEBk
0ABk515kENDyATUdpCKVfW,0qHfqHyHZnxvv1lfkJraQc
0ABk515kENDyATUdpCKVfW,4IBACd17ekILQx6xdtKxyI
0ABk515kENDyATUdpCKVfW,7bsvhWUiIaSqBLTXWmREfe
0ABk515kENDyATUdpCKVfW,0hjek5cAP15tc2YDzcW3pC
0ABk515kENDyATUdpCKVfW,2x6jz70u3sZq75tW10akUW
0fA0VVWsXO9YnASrzqfmYu,137W8MRPWKqSmrBGDBFSop
0fA0VVWsXO9YnASrzqfmYu,0PA28tQBY65NmvLi0xvuX9
0fA0VVWsXO9YnASrzqfmYu,0ONHkAv9pCAFxb0zJwDNTy
0fA0VVWsXO9YnASrzqfmYu,77AiFEVeAVj2ORpC85QVJs
0fA0VVWsXO9YnASrzqfmYu,6icQOAFXDZKsumw3YXyusw
0fA0VVWsXO9YnASrzqfmYu,6wAO5FJZZ5PJoRBSpBic7M
0fA0VVWsXO9YnASrzqfmYu,53B8dEQzmtefvkdCAkO0YR
0fA0VVWsXO9YnASrzqfmYu,5oNgAs7j5XcBMzWv3HAnHG
0fA0VVWsXO9YnASrzqfmYu,0Y5tJX1MQlPlqiwlOH1tJY
0fA0VVWsXO9YnASrzqfmYu,13ubrt8QOOCPljQ2FL1Kca
0fA0VVWsXO9YnASrzqfmYu,2RdwBSPQiwcmiDo9kixcl8
0fA0VVWsXO9YnASrzqfmYu,15UsOTVnJzReFVN1VCnxy4
0fA0VVWsXO9YnASrzqfmYu,55Aa2cqylxrFIXC767Z865
0fA0VVWsXO9YnASrzqfmYu,50co4Is1HCEo8bhOyUWKpn
0fA0VVWsXO9YnASrzqfmYu,7c0XG5cIJTrrAgEC3ULPiq
0fA0VVWsXO9YnASrzqfmYu,17lzZA2AlOHwCwFALHttmp
0fA0VVWsXO9YnASrzqfmYu,4Gso3d4CscCijv0lmajZWs
0fA0VVWsXO9YnASrzqfmYu,6fXcsuCIKZIeY11ylb8hsw
0fA0VVWsXO9YnASrzqfmYu,67nwj3Y5sZQLl72VNUHEYE
0fA0VVWsXO9YnASrzqfmYu,3o1cwVQfiDWafhYA02k13C
0fA0VVWsXO9YnASrzqfmYu,0SwO7SWeDHJijQ3XNS7xEE
0fA0VVWsXO9YnASrzqfmYu,57dN52uHvrHOxijzpIgu3E
0fA0VVWsXO9YnASrzqfmYu,415rtLOb1FDKZAxo1IJ1hW
0fA0VVWsXO9YnASrzqfmYu,5NjUjtjtkzZqRuWFdspT1K
0fA0VVWsXO9YnASrzqfmYu,6g0Wah2YFtb1rFgKhUktlo
0fA0VVWsXO9YnASrzqfmYu,5lTANVMk0mGnsErXBAutfM
0fA0VVWsXO9YnASrzqfmYu,2p1fiYHYiXz9qi0JJyxBzN
0fA0VVWsXO9YnASrzqfmYu,0eDvMgVFoNV3TpwtrVCoTj
0fA0VVWsXO9YnASrzqfmYu,1r1uxoy19fzMxunt3ONAkG
0fA0VVWsXO9YnASrzqfmYu,6Xgp2XMz1fhVYe7i6yNAax
0fA0VVWsXO9YnASrzqfmYu,2hPgGN4uhvXAxiXQBIXOmE
0fA0VVWsXO9YnASrzqfmYu,52lBOxCxbJg0ttXEW9CQpW
0fA0VVWsXO9YnASrzqfmYu,6r2niOTnexy9xss5g8GWXH
0fA0VVWsXO9YnASrzqfmYu,3rWZHrfrsPBxVy692yAIxF
0fA0VVWsXO9YnASrzqfmYu,2kGBy2WHvF0VdZyqiVCkDT
0fA0VVWsXO9YnASrzqfmYu,2YZyLoL8N0Wb9xBt1NhZWg
0fA0VVWsXO9YnASrzqfmYu,4sb7rZNN93BSS6Gqgepo4v
0fA0VVWsXO9YnASrzqfmYu,4Ui2kfOqGujY81UcPrb5KE
0fA0VVWsXO9YnASrzqfmYu,4iCwCMnqsNZ6atvRiADgtn
0fA0VVWsXO9YnASrzqfmYu,6YHEMoNPbcheiWS2haGzkn
0fA0VVWsXO9YnASrzqfmYu,5nLYd9ST4Cnwy6NHaCxbj8
0fA0VVWsXO9YnASrzqfmYu,1XkoF8ryArs86LZvFOkbyr
0fA0VVWsXO9YnASrzqfmYu,5K4W6rqBFWDnAN6FQUkS6x
0fA0VVWsXO9YnASrzqfmYu,4yAE0Z6MYUZkEhzdq8racX
0fA0VVWsXO9YnASrzqfmYu,7bcbShaqKdcyjnmv4Ix8j6
0fA0VVWsXO9YnASrzqfmYu,2hZ6jVi1cao5VlJHAEPzU7
0fA0VVWsXO9YnASrzqfmYu,3opP52YUU3kBoPizkJETnm
0fA0VVWsXO9YnASrzqfmYu,4049kCiuzJ1c04oYqNYm99
0fA0VVWsXO9YnASrzqfmYu,2GHclqNVjqGuiE5mA7BEoc
4q3ewBCX7sLwd24euuV69X,42LEQxfXLEuzdqorKBbUVN
4q3ewBCX7sLwd24euuV69X,6wF1Cz760dpdbX9RJIDpQW
4q3ewBCX7sLwd24euuV69X,3E12tRURRvPfHz0hAMCFYc
4q3ewBCX7sLwd24euuV69X,2YRyPiW98bpkARAS4B3OQP
4q3ewBCX7sLwd24euuV69X,1uZVxckdGGKhFMpCnupXmP
4q3ewBCX7sLwd24euuV69X,3qsKSpcV3ncke3hw52JSMB
4q3ewBCX7sLwd24euuV69X,0Q8NcsJwoCbZOHHW63su5S
4q3ewBCX7sLwd24euuV69X,6w9ToX5slZ4uIdmD17hJ3c
4q3ewBCX7sLwd24euuV69X,4axKuDPr6WKcDCyh8vueTY
4q3ewBCX7sLwd24euuV69X,4aSlfXDn9R60UlbZEboBUy
4q3ewBCX7sLwd24euuV69X,5XJDexmWFLWOkjOEjOVX3e
4q3ewBCX7sLwd24euuV69X,2LRoIwlKmHjgvigdNGBHNo
4q3ewBCX7sLwd24euuV69X,4SsVbpTthjScTS7U2hmr1X
4q3ewBCX7sLwd24euuV69X,3EiLUeyEcA6fbRPSHkG5kb
4q3ewBCX7sLwd24euuV69X,12vb80Km0Ew53ABfJOepVz
4q3ewBCX7sLwd24euuV69X,37230BxxYs9ksS7OkZw3IU
4q3ewBCX7sLwd24euuV69X,6nVcHLIgY5pE2YCl8ubca1
4q3ewBCX7sLwd24euuV69X,3LKXWvXFWrkwUzJWxzwVpW
4q3ewBCX7sLwd24euuV69X,1mcTU81TzQhprhouKaTkpq
4q3ewBCX7sLwd24euuV69X,5n9bMYfz9qss2VOW89EVs2
4q3ewBCX7sLwd24euuV69X,2sSGPbdZJkaSE2AbcGOACx
4q3ewBCX7sLwd24euuV69X,0MoaBi6dSquXp6rrlqlF8R
4q3ewBCX7sLwd24euuV69X,0GM7qgcRCORpGnfcN2tCiB
4q3ewBCX7sLwd24euuV69X,7ltDVBr6mKbRvohxheJ9h1
4q3ewBCX7sLwd24euuV69X,3ZJxEmjYZd5VOqZ8o3aXiL
4q3ewBCX7sLwd24euuV69X,5TphiK6LsT4X5NOZxq3NJB
4q3ewBCX7sLwd24euuV69X,21451j1KhjAiaYKflxBjr1
4q3ewBCX7sLwd24euuV69X,0eHQ9o50hj6ZDNBt6Ys1sD
4q3ewBCX7sLwd24euuV69X,33ScadVnbm2X8kkUqOkC6Z
4q3ewBCX7sLwd24euuV69X,1SupJlEpv7RS2tPNRaHViT
4q3ewBCX7sLwd24euuV69X,1A8aoDrchH5aefQYBCfpLv
4q3ewBCX7sLwd24euuV69X,4VMYDCV2IEDYJArk749S6m
4q3ewBCX7sLwd24euuV69X,0Y30TbA4p8SAfCzy2AFBa8
4q3ewBCX7sLwd24euuV69X,77ziqFxp5gaInVrF2lj4ht
4q3ewBCX7sLwd24euuV69X,4IMAo2UQchVFyPH24PAjUs
4q3ewBCX7sLwd24euuV69X,2R21vXR83lH98kGeO99Y66
4q3ewBCX7sLwd24euuV69X,7iK8PXO48WeuP03g8YR51W
4q3ewBCX7sLwd24euuV69X,1WMwuNKzEFtU6pPkdtryYS
4q3ewBCX7sLwd24euuV69X,1bAftSH8umNcGZ0uyV7LMg
4q3ewBCX7sLwd24euuV69X,2XcZshqzPKm3iZcmt73R8D
4q3ewBCX7sLwd24euuV69X,1vyhD5VmyZ7KMfW5gqLgo5
4q3ewBCX7sLwd24euuV69X,5QzDzXfXC5lepOBeQXBiVO
4q3ewBCX7sLwd24euuV69X,4TAoP0f9OuWZUesao43xUW
4q3ewBCX7sLwd24euuV69X,5fMUXHkw8R8eOP2RNVYEZX
4q3ewBCX7sLwd24euuV69X,2oQX8QiMXOyuqbcZEFsZfm
4q3ewBCX7sLwd24euuV69X,3TVXtAsR1Inumwj472S9r4
1RyvyyTE3xzB2ZywiAwp0i,0Y5tJX1MQlPlqiwlOH1tJY
1RyvyyTE3xzB2ZywiAwp0i,0iEtIxbK0KxaSlF7G42ZOp
1RyvyyTE3xzB2ZywiAwp0i,1Xyo4u8uXC1ZmMpatF05PJ
1RyvyyTE3xzB2ZywiAwp0i,6dQgkiJm1fRkcqKOvPzysr
1RyvyyTE3xzB2ZywiAwp0i,7c0XG5cIJTrrAgEC3ULPiq
1RyvyyTE3xzB2ZywiAwp0i,6l3HvQ5sa6mXTsMTB19rO5
1RyvyyTE3xzB2ZywiAwp0i,5f7VJjfbwm532GiveGC0ZK
1RyvyyTE3xzB2ZywiAwp0i,13ubrt8QOOCPljQ2FL1Kca
1RyvyyTE3xzB2ZywiAwp0i,699OTQXzgjhIYAHMy9RyPD
1RyvyyTE3xzB2ZywiAwp0i,2YZyLoL8N0Wb9xBt1NhZWg
1RyvyyTE3xzB2ZywiAwp0i,1sBkRIssrMs1AbVkOJbc7a
1RyvyyTE3xzB2ZywiAwp0i,5K4W6rqBFWDnAN6FQUkS6x
1RyvyyTE3xzB2ZywiAwp0i,2hlmm7s2ICUX0LVIhVFlZQ
1RyvyyTE3xzB2ZywiAwp0i,50co4Is1HCEo8bhOyUWKpn
1RyvyyTE3xzB2ZywiAwp0i,3TVXtAsR1Inumwj472S9r4
1RyvyyTE3xzB2ZywiAwp0i,687cZJR45JO7jhk1LHIbgq
1RyvyyTE3xzB2ZywiAwp0i,4FlG0V0jhLO4qGpayFOphj
1RyvyyTE3xzB2ZywiAwp0i,46SHBwWsqBkxI7EeeBEQG7
1RyvyyTE3xzB2ZywiAwp0i,3zZ88AwlTwfCJkowsFCvLA
1RyvyyTE3xzB2ZywiAwp0i,45gHcnDnMC15sgx3VL7ROG
1RyvyyTE3xzB2ZywiAwp0i,3hcs9uc56yIGFCSy9leWe7
1RyvyyTE3xzB2ZywiAwp0i,4cmA2QDPdzh8W2ytpyUGes
1RyvyyTE3xzB2ZywiAwp0i,4O15NlyKLIASxsJ0PrXPfz
1RyvyyTE3xzB2ZywiAwp0i,7wlFDEWiM5OoIAt8RSli8b
1RyvyyTE3xzB2ZywiAwp0i,20sxb77xiYeusSH8cVdatc
1RyvyyTE3xzB2ZywiAwp0i,6aLoJJxz7MV2iZ423S8tJC
1RyvyyTE3xzB2ZywiAwp0i,4r63FhuTkUYltbVAg5TQnk
1RyvyyTE3xzB2ZywiAwp0i,4MCBfE4596Uoi2O4DtmEMz
1RyvyyTE3xzB2ZywiAwp0i,55Aa2cqylxrFIXC767Z865
1RyvyyTE3xzB2ZywiAwp0i,6WkUZyqghQei2G809wMKuZ
1RyvyyTE3xzB2ZywiAwp0i,0hCNtLu0JehylgoiP8L4Gh
1RyvyyTE3xzB2ZywiAwp0i,7Dnu2NmddNymEI2LMZVH5v
1RyvyyTE3xzB2ZywiAwp0i,04elqP5zbsAcXcHFTkHYMg
1RyvyyTE3xzB2ZywiAwp0i,1URnnhqYAYcrqrcwql10ft
1RyvyyTE3xzB2ZywiAwp0i,2HPaUgqeutzr3jx5a9WyDV
1RyvyyTE3xzB2ZywiAwp0i,360IAlyVv4PCEVjgyMZrxK
1RyvyyTE3xzB2ZywiAwp0i,6LuN9FCkKOj5PcnpouEgny
1RyvyyTE3xzB2ZywiAwp0i,3Y7RZ31TRPVadSFVy1o8os
1RyvyyTE3xzB2ZywiAwp0i,1pPmIToKXyGdsCF6LmqLmI
1RyvyyTE3xzB2ZywiAwp0i,2GEcMpeGIad5O23WxDRFMn
1RyvyyTE3xzB2ZywiAwp0i,6vXTefBL93Dj5IqAWq6OTv
1RyvyyTE3xzB2ZywiAwp0i,5QdEbQJ3ylBnc3gsIASAT5
1RyvyyTE3xzB2ZywiAwp0i,7sfl4Xt5KmfyDs2T3SVSMK
1RyvyyTE3xzB2ZywiAwp0i,3z8lWUpLUM0Z4b2184qpQF
1RyvyyTE3xzB2ZywiAwp0i,2Jwr7hGoSNK3S3QBxh3T0z
1RyvyyTE3xzB2ZywiAwp0i,18HVMQsV3tINaTyzT5UIjH
1RyvyyTE3xzB2ZywiAwp0i,1CFCsEqKrCyvAFKOATQHiW
1RyvyyTE3xzB2ZywiAwp0i,4aWpJudn4ljEWahx6cPEGu
1RyvyyTE3xzB2ZywiAwp0i,364Dr4NZu27f3AzS79o1SN
1RyvyyTE3xzB2ZywiAwp0i,2p0Hf0MF8Nw8lwAXokczf0
1RyvyyTE3xzB2ZywiAwp0i,5t6cgFa6vbJbNuxUTgT1L9
1RyvyyTE3xzB2ZywiAwp0i,0pkwrPVI8UyXtPkavyJoZ4
1RyvyyTE3xzB2ZywiAwp0i,4DdkRBBYG6Yk9Ka8tdJ9BW
1RyvyyTE3xzB2ZywiAwp0i,5pKCCKE2ajJHZ9KAiaK11H
1RyvyyTE3xzB2ZywiAwp0i,7bXgB6jMjp9ATFy66eO08Z
1RyvyyTE3xzB2ZywiAwp0i,0A0FS04o6zMoto8OKPsDwY
1RyvyyTE3xzB2ZywiAwp0i,13y7CgLHjMVRMDqxdx0Xdo
1RyvyyTE3xzB2ZywiAwp0i,5gCRApTajqwbnHHPbr2Fpi
1RyvyyTE3xzB2ZywiAwp0i,17lzZA2AlOHwCwFALHttmp
53KwLdlmrlCelAZMaLVZqU,6icQOAFXDZKsumw3YXyusw
53KwLdlmrlCelAZMaLVZqU,3JNr31WfX56vgwBuIcdOt4
53KwLdlmrlCelAZMaLVZqU,7tYKF4w9nC0nq9CsPZTHyP
53KwLdlmrlCelAZMaLVZqU,6U3ybJ9UHNKEdsH7ktGBZ7
53KwLdlmrlCelAZMaLVZqU,29gIYsdyccGoUc6qgkZeTK
53KwLdlmrlCelAZMaLVZqU,2Oq3sgFa2HSvRY0vL6bDxN
53KwLdlmrlCelAZMaLVZqU,3r1XkJ7vCs8kHBSzGvPLdP
53KwLdlmrlCelAZMaLVZqU,0Y5tJX1MQlPlqiwlOH1tJY
53KwLdlmrlCelAZMaLVZqU,0iEtIxbK0KxaSlF7G42ZOp
53KwLdlmrlCelAZMaLVZqU,5W10uJRsbt9bROJDKoI1Wn
53KwLdlmrlCelAZMaLVZqU,7ltDVBr6mKbRvohxheJ9h1
53KwLdlmrlCelAZMaLVZqU,74V3dE1a51skRkdII8y2C6
53KwLdlmrlCelAZMaLVZqU,4LEiUm1SRbFMgfqnQTwUbQ
53KwLdlmrlCelAZMaLVZqU,4iCwCMnqsNZ6atvRiADgtn
7ltDVBr6mKbRvohxheJ9h1,1Xyo4u8uXC1ZmMpatF05PJ
7ltDVBr6mKbRvohxheJ9h1,2p4aN0Uxkk3iT3HK0cJ2cJ
7ltDVBr6mKbRvohxheJ9h1,37230BxxYs9ksS7OkZw3IU
5f7VJjfbwm532GiveGC0ZK,50co4Is1HCEo8bhOyUWKpn
5f7VJjfbwm532GiveGC0ZK,1RyvyyTE3xzB2ZywiAwp0i
5f7VJjfbwm532GiveGC0ZK,2qoQgPAilErOKCwE2Y8wOG
5f7VJjfbwm532GiveGC0ZK,0gg11prPP6OqtUvBcKnPpq
5f7VJjfbwm532GiveGC0ZK,45TgXXqMDdF8BkjA83OM7z
5f7VJjfbwm532GiveGC0ZK,0Y5tJX1MQlPlqiwlOH1tJY
5f7VJjfbwm532GiveGC0ZK,1URnnhqYAYcrqrcwql10ft
5f7VJjfbwm532GiveGC0ZK,0Njy6yR9LykNKYg9yE23QN
5f7VJjfbwm532GiveGC0ZK,7sP4SQ0WY6jfps1I19Ot7i
5f7VJjfbwm532GiveGC0ZK,3KV3p5EY4AvKxOlhGHORLg
5f7VJjfbwm532GiveGC0ZK,4FlG0V0jhLO4qGpayFOphj
5f7VJjfbwm532GiveGC0ZK,5F1aAS1duwlzExnPs3l2Xe
5f7VJjfbwm532GiveGC0ZK,3hcs9uc56yIGFCSy9leWe7
5f7VJjfbwm532GiveGC0ZK,20sxb77xiYeusSH8cVdatc
5f7VJjfbwm532GiveGC0ZK,2hlmm7s2ICUX0LVIhVFlZQ
5f7VJjfbwm532GiveGC0ZK,45gHcnDnMC15sgx3VL7ROG
5f7VJjfbwm532GiveGC0ZK,4O15NlyKLIASxsJ0PrXPfz
5f7VJjfbwm532GiveGC0ZK,55Aa2cqylxrFIXC767Z865
5f7VJjfbwm532GiveGC0ZK,3tJoFztHeIJkJWMrx0td2f
5f7VJjfbwm532GiveGC0ZK,17lzZA2AlOHwCwFALHttmp
5f7VJjfbwm532GiveGC0ZK,13y7CgLHjMVRMDqxdx0Xdo
5f7VJjfbwm532GiveGC0ZK,4DdkRBBYG6Yk9Ka8tdJ9BW
5f7VJjfbwm532GiveGC0ZK,4PNHuWkk4ee6R8WEhFVPf5
5f7VJjfbwm532GiveGC0ZK,7rkW85dBwwrJtlHRDkJDAC
5f7VJjfbwm532GiveGC0ZK,3TVXtAsR1Inumwj472S9r4
5f7VJjfbwm532GiveGC0ZK,4SjND9kT6Ja5TSPZTyUUab
5f7VJjfbwm532GiveGC0ZK,1ZLO8d7zll1WeQJUHaxQer
5f7VJjfbwm532GiveGC0ZK,6icQOAFXDZKsumw3YXyusw
5f7VJjfbwm532GiveGC0ZK,0rp5DE9eWGsoKaMlm0gVQd
5f7VJjfbwm532GiveGC0ZK,4rAYaOpWKc5X2EGaHuRrNZ
5f7VJjfbwm532GiveGC0ZK,2qFmZcrhfzbppEdD6wibAy
5f7VJjfbwm532GiveGC0ZK,4mD8eoj5i6ojdlvK48mjSf
5f7VJjfbwm532GiveGC0ZK,21WS9wngs9AqFckK7yYJPM
5f7VJjfbwm532GiveGC0ZK,65rDIPdQD7ijLSOq32cMXo
5f7VJjfbwm532GiveGC0ZK,24TysayU0G7Wp3v85zpOmL
5f7VJjfbwm532GiveGC0ZK,2ECk6LN1JYbi1uefqFDqZ7
5f7VJjfbwm532GiveGC0ZK,0UOSMykvE0zeJxKDPXXrcf
5f7VJjfbwm532GiveGC0ZK,17hT3bNUL8O8WWMjRRyHC7
5f7VJjfbwm532GiveGC0ZK,1w07dUFaBiVHykezUSDdA9
5f7VJjfbwm532GiveGC0ZK,1xgVCcYNfe2Xt81W9pZ8n4
5f7VJjfbwm532GiveGC0ZK,4cmA2QDPdzh8W2ytpyUGes
7A8S43ryYdbWpJKeHRZRcq,0Y5tJX1MQlPlqiwlOH1tJY
7A8S43ryYdbWpJKeHRZRcq,7ltDVBr6mKbRvohxheJ9h1
7A8S43ryYdbWpJKeHRZRcq,5f7VJjfbwm532GiveGC0ZK
7A8S43ryYdbWpJKeHRZRcq,2RDOrhPqAM4jzTRCEb19qX
7A8S43ryYdbWpJKeHRZRcq,4Gso3d4CscCijv0lmajZWs
7A8S43ryYdbWpJKeHRZRcq,0VRj0yCOv2FXJNP47XQnx5
7A8S43ryYdbWpJKeHRZRcq,4DdkRBBYG6Yk9Ka8tdJ9BW
7A8S43ryYdbWpJKeHRZRcq,50co4Is1HCEo8bhOyUWKpn
7A8S43ryYdbWpJKeHRZRcq,0eDvMgVFoNV3TpwtrVCoTj
4Gso3d4CscCijv0lmajZWs,46SHBwWsqBkxI7EeeBEQG7
4Gso3d4CscCijv0lmajZWs,6CxZzQFUTM6AzgluGwtq5w
4Gso3d4CscCijv0lmajZWs,2R0CFyeMDiRbfkhkIMbyl1
4Gso3d4CscCijv0lmajZWs,0Y5tJX1MQlPlqiwlOH1tJY
4Gso3d4CscCijv0lmajZWs,1RyvyyTE3xzB2ZywiAwp0i
4Gso3d4CscCijv0lmajZWs,0iEtIxbK0KxaSlF7G42ZOp
4Gso3d4CscCijv0lmajZWs,0fGcIStdT1OpFFhOC7Wp36
4Gso3d4CscCijv0lmajZWs,4O15NlyKLIASxsJ0PrXPfz
4Gso3d4CscCijv0lmajZWs,3qiHUAX7zY4Qnjx8TNUzVx
4Gso3d4CscCijv0lmajZWs,53KwLdlmrlCelAZMaLVZqU
4Gso3d4CscCijv0lmajZWs,3hcs9uc56yIGFCSy9leWe7
4Gso3d4CscCijv0lmajZWs,2qoQgPAilErOKCwE2Y8wOG
4Gso3d4CscCijv0lmajZWs,1U1el3k54VvEUzo3ybLPlM
4Gso3d4CscCijv0lmajZWs,6lEhBhAv6HOopjXssi09cq
4Gso3d4CscCijv0lmajZWs,1uNFoZAHBGtllmzznpCI3s
4Gso3d4CscCijv0lmajZWs,3tVQdUvClmAT7URs9V3rsp
4Gso3d4CscCijv0lmajZWs,3tlXnStJ1fFhdScmQeLpuG
4Gso3d4CscCijv0lmajZWs,6O4EGCCb6DoIiR6B1QCQgp
4Gso3d4CscCijv0lmajZWs,5SXuuuRpukkTvsLuUknva1
4Gso3d4CscCijv0lmajZWs,61GrWHOtJOXpqQjibezT8i
4Gso3d4CscCijv0lmajZWs,2SJhf6rTOU53g8yBdAjPby
4Gso3d4CscCijv0lmajZWs,0Ld26D4Ya5Od7ZZpLanfQJ
4Gso3d4CscCijv0lmajZWs,2LQF8AgyQUgLfquM92Rx8N
4Gso3d4CscCijv0lmajZWs,0f2YkMXwFNJNSX7MymevKE
4Gso3d4CscCijv0lmajZWs,2RDOrhPqAM4jzTRCEb19qX
4Gso3d4CscCijv0lmajZWs,4DdkRBBYG6Yk9Ka8tdJ9BW
4Gso3d4CscCijv0lmajZWs,0VRj0yCOv2FXJNP47XQnx5
4Gso3d4CscCijv0lmajZWs,4gIRkExQ9L5kAPKiqYJk4R
0VRj0yCOv2FXJNP47XQnx5,3EW0kQ1skZiK1NHg3Spt9J
0VRj0yCOv2FXJNP47XQnx5,1RyvyyTE3xzB2ZywiAwp0i
0VRj0yCOv2FXJNP47XQnx5,50co4Is1HCEo8bhOyUWKpn
0VRj0yCOv2FXJNP47XQnx5,508weSx4HBumrGggFmc7br
0VRj0yCOv2FXJNP47XQnx5,4Q7FV4mw6Q3va79JwftGRv
0VRj0yCOv2FXJNP47XQnx5,0YinUQ50QDB7ZxSCLyQ40k
0VRj0yCOv2FXJNP47XQnx5,7wlFDEWiM5OoIAt8RSli8b
0VRj0yCOv2FXJNP47XQnx5,2hlmm7s2ICUX0LVIhVFlZQ
0VRj0yCOv2FXJNP47XQnx5,57LYzLEk2LcFghVwuWbcuS
0VRj0yCOv2FXJNP47XQnx5,35sCXuy5gN6Or69rZ9vqBs
0VRj0yCOv2FXJNP47XQnx5,13y7CgLHjMVRMDqxdx0Xdo
0VRj0yCOv2FXJNP47XQnx5,1URnnhqYAYcrqrcwql10ft
0VRj0yCOv2FXJNP47XQnx5,3TVXtAsR1Inumwj472S9r4
0VRj0yCOv2FXJNP47XQnx5,6cK3NBO6uP7hh0oyuVELFl
0VRj0yCOv2FXJNP47XQnx5,6tbjWDEIzxoDsBA1FuhfPW
0VRj0yCOv2FXJNP47XQnx5,4kYSro6naA4h99UJvo89HB
0VRj0yCOv2FXJNP47XQnx5,4DdkRBBYG6Yk9Ka8tdJ9BW
0VRj0yCOv2FXJNP47XQnx5,5f7VJjfbwm532GiveGC0ZK
0VRj0yCOv2FXJNP47XQnx5,0Y5tJX1MQlPlqiwlOH1tJY
0VRj0yCOv2FXJNP47XQnx5,2cWZOOzeOm4WmBJRnD5R7I
0VRj0yCOv2FXJNP47XQnx5,0Y3agQaa6g2r0YmHPOO9rh
0VRj0yCOv2FXJNP47XQnx5,0fA0VVWsXO9YnASrzqfmYu
0VRj0yCOv2FXJNP47XQnx5,6extd4B6hl8VTmnlhpl2bY
0VRj0yCOv2FXJNP47XQnx5,2HPaUgqeutzr3jx5a9WyDV
0VRj0yCOv2FXJNP47XQnx5,1Zatb2YN4erBOoSivOXc0o
0VRj0yCOv2FXJNP47XQnx5,39mHYiNmLR7p8PXNG8Wll6
0VRj0yCOv2FXJNP47XQnx5,7c0XG5cIJTrrAgEC3ULPiq
0VRj0yCOv2FXJNP47XQnx5,6oMuImdp5ZcFhWP0ESe6mG
0VRj0yCOv2FXJNP47XQnx5,1pPmIToKXyGdsCF6LmqLmI
4DdkRBBYG6Yk9Ka8tdJ9BW,0Y5tJX1MQlPlqiwlOH1tJY
4DdkRBBYG6Yk9Ka8tdJ9BW,4Gso3d4CscCijv0lmajZWs
4DdkRBBYG6Yk9Ka8tdJ9BW,1RyvyyTE3xzB2ZywiAwp0i
4DdkRBBYG6Yk9Ka8tdJ9BW,4kYSro6naA4h99UJvo89HB
4DdkRBBYG6Yk9Ka8tdJ9BW,7FRSHbAPSN9RLPSsh2a2rV
4DdkRBBYG6Yk9Ka8tdJ9BW,3MdXrJWsbVzdn6fe5JYkSQ
4DdkRBBYG6Yk9Ka8tdJ9BW,5yPzzu25VzEk8qrGTLIrE1
4DdkRBBYG6Yk9Ka8tdJ9BW,1FtBEIWAwvw5ymBen5GICR
4DdkRBBYG6Yk9Ka8tdJ9BW,39uOfkRb9XnAEW9zs3JCbb
4DdkRBBYG6Yk9Ka8tdJ9BW,6l3HvQ5sa6mXTsMTB19rO5
4DdkRBBYG6Yk9Ka8tdJ9BW,2hlmm7s2ICUX0LVIhVFlZQ
4DdkRBBYG6Yk9Ka8tdJ9BW,5nLYd9ST4Cnwy6NHaCxbj8
4DdkRBBYG6Yk9Ka8tdJ9BW,1URnnhqYAYcrqrcwql10ft
4DdkRBBYG6Yk9Ka8tdJ9BW,0VRj0yCOv2FXJNP47XQnx5
4DdkRBBYG6Yk9Ka8tdJ9BW,13y7CgLHjMVRMDqxdx0Xdo
4DdkRBBYG6Yk9Ka8tdJ9BW,0iEtIxbK0KxaSlF7G42ZOp
0eDvMgVFoNV3TpwtrVCoTj,5K4W6rqBFWDnAN6FQUkS6x
0eDvMgVFoNV3TpwtrVCoTj,0ONHkAv9pCAFxb0zJwDNTy
0eDvMgVFoNV3TpwtrVCoTj,1sBkRIssrMs1AbVkOJbc7a
0eDvMgVFoNV3TpwtrVCoTj,1W3FSF1BLpY3hlVIgvenLz
0eDvMgVFoNV3TpwtrVCoTj,1URnnhqYAYcrqrcwql10ft
0eDvMgVFoNV3TpwtrVCoTj,45gHcnDnMC15sgx3VL7ROG
0eDvMgVFoNV3TpwtrVCoTj,4FeLiFUPdxVfFo8oOfA4BH
0eDvMgVFoNV3TpwtrVCoTj,0KuF7reCTOZwV7YJnHQqgr
0eDvMgVFoNV3TpwtrVCoTj,46MWeeHNVMYRIIofQBEX98
0eDvMgVFoNV3TpwtrVCoTj,4np9Zzw0SEYQLcGv28P51q
0eDvMgVFoNV3TpwtrVCoTj,7s3eCGNZMrwUQraXlocCBv
0eDvMgVFoNV3TpwtrVCoTj,3EW0kQ1skZiK1NHg3Spt9J
0eDvMgVFoNV3TpwtrVCoTj,6jGMq4yGs7aQzuGsMgVgZR
0eDvMgVFoNV3TpwtrVCoTj,1zNqQNIdeOUZHb8zbZRFMX
0eDvMgVFoNV3TpwtrVCoTj,1RyvyyTE3xzB2ZywiAwp0i
0eDvMgVFoNV3TpwtrVCoTj,7bXgB6jMjp9ATFy66eO08Z
0eDvMgVFoNV3TpwtrVCoTj,6M2wZ9GZgrQXHCFfjv46we
0eDvMgVFoNV3TpwtrVCoTj,2RdwBSPQiwcmiDo9kixcl8
0eDvMgVFoNV3TpwtrVCoTj,0fA0VVWsXO9YnASrzqfmYu
0eDvMgVFoNV3TpwtrVCoTj,0VRj0yCOv2FXJNP47XQnx5
0eDvMgVFoNV3TpwtrVCoTj,46SHBwWsqBkxI7EeeBEQG7
0eDvMgVFoNV3TpwtrVCoTj,0dTnryd4adS8rjtGva7z1v
0eDvMgVFoNV3TpwtrVCoTj,5QdEbQJ3ylBnc3gsIASAT5
0eDvMgVFoNV3TpwtrVCoTj,7Gq92ZXYXxT5yxNrJsr196
0eDvMgVFoNV3TpwtrVCoTj,6ZXm3DzqsaTZSNQrNseQYG
0eDvMgVFoNV3TpwtrVCoTj,2ClzyiNd9Tb2oFLTeURrFR
0eDvMgVFoNV3TpwtrVCoTj,6Zric3RvzGMM9wRZMNTUFF
0eDvMgVFoNV3TpwtrVCoTj,2R21vXR83lH98kGeO99Y66
0eDvMgVFoNV3TpwtrVCoTj,19DLZqkD1ng7fq1pz6Bclw
0eDvMgVFoNV3TpwtrVCoTj,5f7VJjfbwm532GiveGC0ZK
0eDvMgVFoNV3TpwtrVCoTj,4r63FhuTkUYltbVAg5TQnk
0eDvMgVFoNV3TpwtrVCoTj,6LXRvV2OAtXF7685fzh3mj
0eDvMgVFoNV3TpwtrVCoTj,3q7HBObVc0L8jNeTe5Gofh
0eDvMgVFoNV3TpwtrVCoTj,757aE44tKEUQEqRuT6GnEB
0eDvMgVFoNV3TpwtrVCoTj,5LHRHt1k9lMyONurDHEdrp
0eDvMgVFoNV3TpwtrVCoTj,790FomKkXshlbRYZFtlgla
0eDvMgVFoNV3TpwtrVCoTj,41I5xI04kixwmonDBl0Sda
0eDvMgVFoNV3TpwtrVCoTj,14CHVeJGrR5xgUGQFV5BVM
0eDvMgVFoNV3TpwtrVCoTj,2JjzeyE4vsgw2KLE6ZLvqz
0eDvMgVFoNV3TpwtrVCoTj,0Y3agQaa6g2r0YmHPOO9rh
0eDvMgVFoNV3TpwtrVCoTj,21WS9wngs9AqFckK7yYJPM
0eDvMgVFoNV3TpwtrVCoTj,7LnaAXbDVIL75IVPnndf7w
0eDvMgVFoNV3TpwtrVCoTj,2hlmm7s2ICUX0LVIhVFlZQ
0eDvMgVFoNV3TpwtrVCoTj,50co4Is1HCEo8bhOyUWKpn
0eDvMgVFoNV3TpwtrVCoTj,31W5EY0aAly4Qieq6OFu6I
0eDvMgVFoNV3TpwtrVCoTj,3nViOFa3kZW8OMSNOzwr98
0eDvMgVFoNV3TpwtrVCoTj,0HkcYmcjrBR3SCw9Ld5VZk
0eDvMgVFoNV3TpwtrVCoTj,3wcj11K77LjEY1PkEazffa
0eDvMgVFoNV3TpwtrVCoTj,7rkW85dBwwrJtlHRDkJDAC
0eDvMgVFoNV3TpwtrVCoTj,0hCNtLu0JehylgoiP8L4Gh
0eDvMgVFoNV3TpwtrVCoTj,2p1fiYHYiXz9qi0JJyxBzN
6extd4B6hl8VTmnlhpl2bY,0Y5tJX1MQlPlqiwlOH1tJY
6extd4B6hl8VTmnlhpl2bY,0VRj0yCOv2FXJNP47XQnx5
6extd4B6hl8VTmnlhpl2bY,3EW0kQ1skZiK1NHg3Spt9J
6extd4B6hl8VTmnlhpl2bY,4DdkRBBYG6Yk9Ka8tdJ9BW
3EW0kQ1skZiK1NHg3Spt9J,0VRj0yCOv2FXJNP47XQnx5
3EW0kQ1skZiK1NHg3Spt9J,0YinUQ50QDB7ZxSCLyQ40k
3EW0kQ1skZiK1NHg3Spt9J,7wlFDEWiM5OoIAt8RSli8b
3EW0kQ1skZiK1NHg3Spt9J,50co4Is1HCEo8bhOyUWKpn
3EW0kQ1skZiK1NHg3Spt9J,2hlmm7s2ICUX0LVIhVFlZQ
3EW0kQ1skZiK1NHg3Spt9J,57LYzLEk2LcFghVwuWbcuS
3EW0kQ1skZiK1NHg3Spt9J,35sCXuy5gN6Or69rZ9vqBs
3EW0kQ1skZiK1NHg3Spt9J,13y7CgLHjMVRMDqxdx0Xdo
17lzZA2AlOHwCwFALHttmp,1grN0519h2zYqpRtYbDZAl
17lzZA2AlOHwCwFALHttmp,0eVyjRhzZKke2KFYTcDkeu
17lzZA2AlOHwCwFALHttmp,55Aa2cqylxrFIXC767Z865
17lzZA2AlOHwCwFALHttmp,1URnnhqYAYcrqrcwql10ft
17lzZA2AlOHwCwFALHttmp,23zg3TcAtWQy7J6upgbUnj
17lzZA2AlOHwCwFALHttmp,0YWxKQj2Go9CGHCp77UOyy
17lzZA2AlOHwCwFALHttmp,5Matrg5du62bXwer29cU5T
17lzZA2AlOHwCwFALHttmp,0GeeIVcvGA8GSlWsoY1dkG
17lzZA2AlOHwCwFALHttmp,1sBkRIssrMs1AbVkOJbc7a
17lzZA2AlOHwCwFALHttmp,46VWDbmWmzvPBTmkSr25gM
17lzZA2AlOHwCwFALHttmp,3tJoFztHeIJkJWMrx0td2f
17lzZA2AlOHwCwFALHttmp,5L8p9kDnX2cgoI8VLUL2p4
17lzZA2AlOHwCwFALHttmp,5f7VJjfbwm532GiveGC0ZK
17lzZA2AlOHwCwFALHttmp,757aE44tKEUQEqRuT6GnEB
17lzZA2AlOHwCwFALHttmp,45gHcnDnMC15sgx3VL7ROG
17lzZA2AlOHwCwFALHttmp,7wlFDEWiM5OoIAt8RSli8b
17lzZA2AlOHwCwFALHttmp,3hcs9uc56yIGFCSy9leWe7
17lzZA2AlOHwCwFALHttmp,3lrylIPGKLtK1wam8gLsV1
17lzZA2AlOHwCwFALHttmp,1zNqQNIdeOUZHb8zbZRFMX
17lzZA2AlOHwCwFALHttmp,35fcckhFq2cF2u7hIG0fPv
17lzZA2AlOHwCwFALHttmp,01988BWUnQiclJ70TTcnOq
17lzZA2AlOHwCwFALHttmp,1pseCBuVDMZFDp6RbzuX8L
17lzZA2AlOHwCwFALHttmp,4tMm1dU6Gn04VAZ9ClHcIZ
17lzZA2AlOHwCwFALHttmp,0BJbm7hHfoCLmayX6E3xPN
17lzZA2AlOHwCwFALHttmp,0c173mlxpT3dSFRgMO8XPh
17lzZA2AlOHwCwFALHttmp,137W8MRPWKqSmrBGDBFSop
17lzZA2AlOHwCwFALHttmp,20sxb77xiYeusSH8cVdatc
17lzZA2AlOHwCwFALHttmp,4OBJLual30L7gRl5UkeRcT
17lzZA2AlOHwCwFALHttmp,51xJF4OqJPHWop1fv0VVyd
17lzZA2AlOHwCwFALHttmp,4yBK75WVCQXej1p04GWqxH
17lzZA2AlOHwCwFALHttmp,6Ha4aES39QiVjR0L2lwuwq
17lzZA2AlOHwCwFALHttmp,35sCXuy5gN6Or69rZ9vqBs
17lzZA2AlOHwCwFALHttmp,1HnBLIPMrMXlO0mYsBwNLG
17lzZA2AlOHwCwFALHttmp,5pnbUBPifNnlusY8kTBivi
17lzZA2AlOHwCwFALHttmp,3NU42I1X49kZFvwiHBcAgP
17lzZA2AlOHwCwFALHttmp,2yQf6b8hxahZaT5dHlWaB1
17lzZA2AlOHwCwFALHttmp,2iojnBLj0qIMiKPvVhLnsH
17lzZA2AlOHwCwFALHttmp,7c0XG5cIJTrrAgEC3ULPiq
17lzZA2AlOHwCwFALHttmp,6YiHht3u7FFszle72kpbdQ
17lzZA2AlOHwCwFALHttmp,5K4W6rqBFWDnAN6FQUkS6x
17lzZA2AlOHwCwFALHttmp,3tlXnStJ1fFhdScmQeLpuG
17lzZA2AlOHwCwFALHttmp,3MdXrJWsbVzdn6fe5JYkSQ
17lzZA2AlOHwCwFALHttmp,1gPhS1zisyXr5dHTYZyiMe
17lzZA2AlOHwCwFALHttmp,4O15NlyKLIASxsJ0PrXPfz
17lzZA2AlOHwCwFALHttmp,15iVAtD3s3FsQR4w1v6M0P
17lzZA2AlOHwCwFALHttmp,4gB2Nnsapxi4chX9f5zgku
17lzZA2AlOHwCwFALHttmp,7uwQPQsBYgrSd63xgeMyuM
17lzZA2AlOHwCwFALHttmp,0dPOFwpYJGqkrus3jfZ7uC
17lzZA2AlOHwCwFALHttmp,4oRhxYo5lIWOEa1Urm0qyT
17lzZA2AlOHwCwFALHttmp,0ErzCpIMyLcjPiwT4elrtZ
17lzZA2AlOHwCwFALHttmp,0VRj0yCOv2FXJNP47XQnx5
17lzZA2AlOHwCwFALHttmp,4PNHuWkk4ee6R8WEhFVPf5
17lzZA2AlOHwCwFALHttmp,4IprNlQiJZUUJhDl0fL2SL
17lzZA2AlOHwCwFALHttmp,6Cd6nNgWZWZrlfrc4q0qJD
17lzZA2AlOHwCwFALHttmp,50co4Is1HCEo8bhOyUWKpn
17lzZA2AlOHwCwFALHttmp,0Y5tJX1MQlPlqiwlOH1tJY
17lzZA2AlOHwCwFALHttmp,2YZyLoL8N0Wb9xBt1NhZWg
17lzZA2AlOHwCwFALHttmp,66CXWjxzNUsdJxJ2JdwvnR
17lzZA2AlOHwCwFALHttmp,3crnzLy8R4lVwaigKEOz7V
17lzZA2AlOHwCwFALHttmp,1anyVhU62p31KFi8MEzkbf
17lzZA2AlOHwCwFALHttmp,46SHBwWsqBkxI7EeeBEQG7
17lzZA2AlOHwCwFALHttmp,13y7CgLHjMVRMDqxdx0Xdo
17lzZA2AlOHwCwFALHttmp,0hCNtLu0JehylgoiP8L4Gh
17lzZA2AlOHwCwFALHttmp,3TVXtAsR1Inumwj472S9r4
17lzZA2AlOHwCwFALHttmp,5ZS223C6JyBfXasXxrRqOk
17lzZA2AlOHwCwFALHttmp,6oMuImdp5ZcFhWP0ESe6mG
17lzZA2AlOHwCwFALHttmp,2RdwBSPQiwcmiDo9kixcl8
17lzZA2AlOHwCwFALHttmp,6nzxy2wXs6tLgzEtqOkEi2
17lzZA2AlOHwCwFALHttmp,5Berubt6ysOy2LCMyqhmXP
17lzZA2AlOHwCwFALHttmp,0tdFP7YYasjER1oi3YlRca
17lzZA2AlOHwCwFALHttmp,7gwRVaYrXoStwW4kjPVrQM
17lzZA2AlOHwCwFALHttmp,1RK4OMEBHGTo020SOfEeUp
17lzZA2AlOHwCwFALHttmp,3HiuzBlSW7pGDXlSFMhO2g
17lzZA2AlOHwCwFALHttmp,7fgzPKgybjWkjRelApW4OF
17lzZA2AlOHwCwFALHttmp,1ocqyH61bqcrdQvfqhrfjt
17lzZA2AlOHwCwFALHttmp,5gCRApTajqwbnHHPbr2Fpi
17lzZA2AlOHwCwFALHttmp,0W6Vi3JrMz1BtEOUqG2mcG
17lzZA2AlOHwCwFALHttmp,6z7xFFHxYkE9t8bwIF0Bvg
17lzZA2AlOHwCwFALHttmp,13ubrt8QOOCPljQ2FL1Kca
17lzZA2AlOHwCwFALHttmp,4BWn7qje7L2bGp79bupn3B
17lzZA2AlOHwCwFALHttmp,0jdKE4IPRPDcBz1WHiBMsd
17lzZA2AlOHwCwFALHttmp,67nwj3Y5sZQLl72VNUHEYE
17lzZA2AlOHwCwFALHttmp,7s47glsDg6fwq9KXNTsTpa
17lzZA2AlOHwCwFALHttmp,1gW8Nr6dIMIJHehl1sO7dM
17lzZA2AlOHwCwFALHttmp,0mbgkaYR8KNUb5s3s1yYHG
17lzZA2AlOHwCwFALHttmp,2x8KDZdSONA3872CnhaAlX
17lzZA2AlOHwCwFALHttmp,76JyRfZDqhAIow2Awv91iW
17lzZA2AlOHwCwFALHttmp,3KLnSYaRRa4Kur781SHxUL
17lzZA2AlOHwCwFALHttmp,5LHRHt1k9lMyONurDHEdrp
17lzZA2AlOHwCwFALHttmp,6z1cicLMt9XArxN10q7m8a
17lzZA2AlOHwCwFALHttmp,6vXTefBL93Dj5IqAWq6OTv
17lzZA2AlOHwCwFALHttmp,1RyvyyTE3xzB2ZywiAwp0i
17lzZA2AlOHwCwFALHttmp,6f4XkbvYlXMH0QgVRzW0sM
17lzZA2AlOHwCwFALHttmp,3r17AfJCCUqC9Lf0OAc73G
17lzZA2AlOHwCwFALHttmp,5lHRUCqkQZCIWeX7xG4sYT
17lzZA2AlOHwCwFALHttmp,1Xfmvd48oOhEWkscWyEbh9
17lzZA2AlOHwCwFALHttmp,34t9RzI5oDMZJVmcoUZnJE
17lzZA2AlOHwCwFALHttmp,3aQeKQSyrW4qWr35idm0cy
17lzZA2AlOHwCwFALHttmp,3YJMzGjAm245zwJooY7PEj
17lzZA2AlOHwCwFALHttmp,2c57LAQFCyf1Gdjobuw020
17lzZA2AlOHwCwFALHttmp,0ONHkAv9pCAFxb0zJwDNTy
17lzZA2AlOHwCwFALHttmp,2ZavqCJe7uqkRpISes0NFi
17lzZA2AlOHwCwFALHttmp,7bXgB6jMjp9ATFy66eO08Z
17lzZA2AlOHwCwFALHttmp,2KsP6tYLJlTBvSUxnwlVWa
17lzZA2AlOHwCwFALHttmp,1W3FSF1BLpY3hlVIgvenLz
17lzZA2AlOHwCwFALHttmp,19KwjzvIL92r29IINtlPNP
17lzZA2AlOHwCwFALHttmp,5y2Xq6xcjJb2jVM54GHK3t
17lzZA2AlOHwCwFALHttmp,4pr7J7wzgObkE3DD3Izi7q
17lzZA2AlOHwCwFALHttmp,5oNgAs7j5XcBMzWv3HAnHG
17lzZA2AlOHwCwFALHttmp,0uwaniEjl7wxOFSM4vaHvI
17lzZA2AlOHwCwFALHttmp,6GMYJwaziB4ekv1Y6wCDWS
17lzZA2AlOHwCwFALHttmp,3NXsghFaJm9Z6UnLkGVdCB
17lzZA2AlOHwCwFALHttmp,6ma7eBrKihYrXcvdMNpnc5
17lzZA2AlOHwCwFALHttmp,23LbwefIODbyGdRbAz3urj
17lzZA2AlOHwCwFALHttmp,21E3waRsmPlU7jZsS13rcj
17lzZA2AlOHwCwFALHttmp,3aTMDZLtkFlYQfQL7bzccp
17lzZA2AlOHwCwFALHttmp,1hYQMdnyhjqym907NvDJdo
17lzZA2AlOHwCwFALHttmp,0ZopLoKQtOMWe1aoo14Kkp
17lzZA2AlOHwCwFALHttmp,08Ld63UgKrJ0nZnCkzHtzc
17lzZA2AlOHwCwFALHttmp,3Y365ZqTf6fJ4ZcRnLKPGt
17lzZA2AlOHwCwFALHttmp,7sfl4Xt5KmfyDs2T3SVSMK
17lzZA2AlOHwCwFALHttmp,5yel9ssWJDXHwxhW7iPfos
17lzZA2AlOHwCwFALHttmp,6mgE0PW3uC34MFJT5xGjHn
17lzZA2AlOHwCwFALHttmp,7B28loknM4CckieZEYm0t3
17lzZA2AlOHwCwFALHttmp,69d3gmnnSi2WPQ9ISplpia
17lzZA2AlOHwCwFALHttmp,2Oq8QvotaW0ZRxCObZ5EUt
17lzZA2AlOHwCwFALHttmp,4j5oLvSSAhRmrwZYkwW5SY
17lzZA2AlOHwCwFALHttmp,268agvplHLNQ3SUB4WxieL
46K14JAfAHpxTSkb6KkFfN,5ZCfjramRRGj3D72drnyxK
46K14JAfAHpxTSkb6KkFfN,6hJnrA58ELi64NP1TDyzQG
46K14JAfAHpxTSkb6KkFfN,3QArVFjHI7TaOuEgyjcoYe
46K14JAfAHpxTSkb6KkFfN,6udmUvYkLY7H11QMRpB2iC
46K14JAfAHpxTSkb6KkFfN,6jf90HKr9vgFgKaQ2iHGHJ
46K14JAfAHpxTSkb6KkFfN,6pJPxDgaE0H343SrASnY9J
46K14JAfAHpxTSkb6KkFfN,0ThxHJx0ElqLD8h2Compyq
46K14JAfAHpxTSkb6KkFfN,768O5GliF0bqscyghggrbE
46K14JAfAHpxTSkb6KkFfN,18qC8mrcJ9ZjChRDPvpadi
46K14JAfAHpxTSkb6KkFfN,4rTFctfTgNdgSgU63jRy5Y
46K14JAfAHpxTSkb6KkFfN,7tXH4uI7BOE7hFBazlah0q
46K14JAfAHpxTSkb6KkFfN,54R2kpfErocNAM5Z9Kq6JR
46K14JAfAHpxTSkb6KkFfN,5FQJWdcKPAijmEi4uroZ4h
46K14JAfAHpxTSkb6KkFfN,3ou3XMRNmyDSy6gnC1bSgN
46K14JAfAHpxTSkb6KkFfN,6KhtkRzbD5IKjYOlHanIjS
46K14JAfAHpxTSkb6KkFfN,1TYjm48WP4AXoXMModkcNg
4dYQmk5ma04mZ1KJ9KkAQK,7zNkqI6qRr0OJ4XO1Pw29g
4dYQmk5ma04mZ1KJ9KkAQK,4QFHHdZkeqmneDQqKIjAN8
15iVAtD3s3FsQR4w1v6M0P,0VlR93v41JFZlo1tRAgy2A
15iVAtD3s3FsQR4w1v6M0P,5QdEbQJ3ylBnc3gsIASAT5
15iVAtD3s3FsQR4w1v6M0P,3EIX8WuD9ybB4ruz0MSilB
15iVAtD3s3FsQR4w1v6M0P,4lPl9gqgox3JDiaJ1yklKh
15iVAtD3s3FsQR4w1v6M0P,3DbwFQlvLxRSi2uX8mf81A
15iVAtD3s3FsQR4w1v6M0P,0VRj0yCOv2FXJNP47XQnx5
15iVAtD3s3FsQR4w1v6M0P,0NWbwDZY1VkRqFafuQm6wk
15iVAtD3s3FsQR4w1v6M0P,17lzZA2AlOHwCwFALHttmp
15iVAtD3s3FsQR4w1v6M0P,1bPxKZtCdjB1aj1csBJpdS
15iVAtD3s3FsQR4w1v6M0P,3q7HBObVc0L8jNeTe5Gofh
15iVAtD3s3FsQR4w1v6M0P,137W8MRPWKqSmrBGDBFSop
15iVAtD3s3FsQR4w1v6M0P,6vXTefBL93Dj5IqAWq6OTv
15iVAtD3s3FsQR4w1v6M0P,4yBK75WVCQXej1p04GWqxH
15iVAtD3s3FsQR4w1v6M0P,1sBkRIssrMs1AbVkOJbc7a
15iVAtD3s3FsQR4w1v6M0P,7AO1qih2zQeI7WYTQxC5fQ
15iVAtD3s3FsQR4w1v6M0P,42Z54C9RZhmgTpQplPNLZO
15iVAtD3s3FsQR4w1v6M0P,1Si1EEANeczjHBYNKNZdv6
15iVAtD3s3FsQR4w1v6M0P,1mceaxtjWdEmwoDVAlkC41
15iVAtD3s3FsQR4w1v6M0P,13y7CgLHjMVRMDqxdx0Xdo
15iVAtD3s3FsQR4w1v6M0P,0t5qZrvVCo9YIUT87SQrTn
15iVAtD3s3FsQR4w1v6M0P,1CTfXgZs6JxaMw5KqkHkSe
15iVAtD3s3FsQR4w1v6M0P,6GMYJwaziB4ekv1Y6wCDWS
15iVAtD3s3FsQR4w1v6M0P,699OTQXzgjhIYAHMy9RyPD
15iVAtD3s3FsQR4w1v6M0P,6mTpLyEXKpU6KDVlsufx5k
15iVAtD3s3FsQR4w1v6M0P,41ZfH27bQdpvhcqDghNsLl
15iVAtD3s3FsQR4w1v6M0P,6I9TgZbapKRXsunA05fiPl
15iVAtD3s3FsQR4w1v6M0P,12921jPZpHIrTHmVwB87LJ
15iVAtD3s3FsQR4w1v6M0P,31W5EY0aAly4Qieq6OFu6I
15iVAtD3s3FsQR4w1v6M0P,6icQOAFXDZKsumw3YXyusw
15iVAtD3s3FsQR4w1v6M0P,5KY2WPRMDWiJ1i3Sdwx04I
15iVAtD3s3FsQR4w1v6M0P,4uSN8Y3kgFNVULUWsZEAVW
5K4W6rqBFWDnAN6FQUkS6x,4xPQFgDA5M2xa0ZGo5iIsv
5K4W6rqBFWDnAN6FQUkS6x,7c0XG5cIJTrrAgEC3ULPiq
5K4W6rqBFWDnAN6FQUkS6x,74V3dE1a51skRkdII8y2C6
5K4W6rqBFWDnAN6FQUkS6x,2c9O21YLFy4tFI9zCVhbFg
5K4W6rqBFWDnAN6FQUkS6x,028lPW2NdWHdSPCkRkcyhd
5K4W6rqBFWDnAN6FQUkS6x,2ndyVAdV9UqF1XjyTJt484
5K4W6rqBFWDnAN6FQUkS6x,2J257euzcjnDLipsyJH3F2
5K4W6rqBFWDnAN6FQUkS6x,6I3M904Y9IwgDjrQ9pANiB
5K4W6rqBFWDnAN6FQUkS6x,2hPgGN4uhvXAxiXQBIXOmE
5K4W6rqBFWDnAN6FQUkS6x,0ONHkAv9pCAFxb0zJwDNTy
5K4W6rqBFWDnAN6FQUkS6x,52lBOxCxbJg0ttXEW9CQpW
5K4W6rqBFWDnAN6FQUkS6x,6r2niOTnexy9xss5g8GWXH
5K4W6rqBFWDnAN6FQUkS6x,2HPaUgqeutzr3jx5a9WyDV
5K4W6rqBFWDnAN6FQUkS6x,3nFkdlSjzX9mRTtwJOzDYB
5K4W6rqBFWDnAN6FQUkS6x,2h93pZq0e7k5yf4dywlkpM
5K4W6rqBFWDnAN6FQUkS6x,1W3FSF1BLpY3hlVIgvenLz
5K4W6rqBFWDnAN6FQUkS6x,6vWDO969PvNqNYHIOW5v0m
5K4W6rqBFWDnAN6FQUkS6x,60df5JBRRPcnSpsIMxxwQm
5K4W6rqBFWDnAN6FQUkS6x,1zV9UjTUevjp5VUddqIUUn
5K4W6rqBFWDnAN6FQUkS6x,2AV6XDIs32ofIJhkkDevjm
5K4W6rqBFWDnAN6FQUkS6x,0fA0VVWsXO9YnASrzqfmYu
5K4W6rqBFWDnAN6FQUkS6x,2yQf6b8hxahZaT5dHlWaB1
5K4W6rqBFWDnAN6FQUkS6x,1sBkRIssrMs1AbVkOJbc7a
5K4W6rqBFWDnAN6FQUkS6x,0hCNtLu0JehylgoiP8L4Gh
5K4W6rqBFWDnAN6FQUkS6x,4LEiUm1SRbFMgfqnQTwUbQ
5K4W6rqBFWDnAN6FQUkS6x,18HVMQsV3tINaTyzT5UIjH
5K4W6rqBFWDnAN6FQUkS6x,2cADQgiLMjNhbsfeN52Bf3
5K4W6rqBFWDnAN6FQUkS6x,4iCwCMnqsNZ6atvRiADgtn
5K4W6rqBFWDnAN6FQUkS6x,5y2Xq6xcjJb2jVM54GHK3t
5K4W6rqBFWDnAN6FQUkS6x,4yBK75WVCQXej1p04GWqxH
5K4W6rqBFWDnAN6FQUkS6x,55Aa2cqylxrFIXC767Z865
5K4W6rqBFWDnAN6FQUkS6x,3aQeKQSyrW4qWr35idm0cy
5K4W6rqBFWDnAN6FQUkS6x,0Mz5XE0kb1GBnbLQm2VbcO
5K4W6rqBFWDnAN6FQUkS6x,7u6LfVyYpEzMpHLL7jTyvU
5K4W6rqBFWDnAN6FQUkS6x,6GEykX11lQqp92UVOQQCC7
5K4W6rqBFWDnAN6FQUkS6x,0LQoZQIV0mIs0y0XQb0Sw2
5K4W6rqBFWDnAN6FQUkS6x,1i4q97Tz8xmGWJps51J7WT
5K4W6rqBFWDnAN6FQUkS6x,01QTIT5P1pFP3QnnFSdsJf
5K4W6rqBFWDnAN6FQUkS6x,0NbfKEOTQCcwd6o7wSDOHI
5K4W6rqBFWDnAN6FQUkS6x,0k7Xl1pqI3tu8sSEjo5oEg
5K4W6rqBFWDnAN6FQUkS6x,2hZ6jVi1cao5VlJHAEPzU7
5K4W6rqBFWDnAN6FQUkS6x,4bYPcJP5jwMhSivRcqie2n
5K4W6rqBFWDnAN6FQUkS6x,1lE6SEy8f84Zhjvp7r8yTD
5K4W6rqBFWDnAN6FQUkS6x,05oH07COxkXKIMt6mIPRee
5K4W6rqBFWDnAN6FQUkS6x,5KkgZ31b9eDwkvo9oMIrSm
5K4W6rqBFWDnAN6FQUkS6x,7iMvwE8qANp3aIfAGKEAwS
5K4W6rqBFWDnAN6FQUkS6x,7LnaAXbDVIL75IVPnndf7w
5K4W6rqBFWDnAN6FQUkS6x,2GHclqNVjqGuiE5mA7BEoc
5K4W6rqBFWDnAN6FQUkS6x,20qISvAhX20dpIbOOzGK3q
5K4W6rqBFWDnAN6FQUkS6x,69m0yjx8ruKebsRvbNuEDz
5K4W6rqBFWDnAN6FQUkS6x,0hKpvarswO34Ks5iPNmEXn
5K4W6rqBFWDnAN6FQUkS6x,0lEssBAxQl2In4RpaB1C2Y
5K4W6rqBFWDnAN6FQUkS6x,6vbY3hOaCAhC7VjucswgdS
5K4W6rqBFWDnAN6FQUkS6x,3ipn9JLAPI5GUEo4y4jcoi
5K4W6rqBFWDnAN6FQUkS6x,2Jwr7hGoSNK3S3QBxh3T0z
5K4W6rqBFWDnAN6FQUkS6x,7Cp14KBRtDwGucKNPUyT11
1uNFoZAHBGtllmzznpCI3s,6LuN9FCkKOj5PcnpouEgny
1uNFoZAHBGtllmzznpCI3s,1anyVhU62p31KFi8MEzkbf
1uNFoZAHBGtllmzznpCI3s,2tIP7SsRs7vjIcLrU85W8J
1uNFoZAHBGtllmzznpCI3s,28QlAisHETVQGqLPDfo3eC
1uNFoZAHBGtllmzznpCI3s,6USv9qhCn6zfxlBQIYJ9qs
1uNFoZAHBGtllmzznpCI3s,20wkVLutqVOYrc0kxFs7rA
1uNFoZAHBGtllmzznpCI3s,4fxd5Ee7UefO4CUXgwJ7IP
1uNFoZAHBGtllmzznpCI3s,46MWeeHNVMYRIIofQBEX98
1uNFoZAHBGtllmzznpCI3s,3wcj11K77LjEY1PkEazffa
1uNFoZAHBGtllmzznpCI3s,5CiGnKThu5ctn9pBxv7DGa
1uNFoZAHBGtllmzznpCI3s,4O15NlyKLIASxsJ0PrXPfz
1uNFoZAHBGtllmzznpCI3s,0xOeVMOz2fVg5BJY3N6akT
1uNFoZAHBGtllmzznpCI3s,0VRj0yCOv2FXJNP47XQnx5
1uNFoZAHBGtllmzznpCI3s,4r63FhuTkUYltbVAg5TQnk
1uNFoZAHBGtllmzznpCI3s,1vSN1fsvrzpbttOYGsliDr
1uNFoZAHBGtllmzznpCI3s,0tvpihdAsKiNnP6sWS3jUI
1uNFoZAHBGtllmzznpCI3s,3JXpwnHbLvXxY99EuXqFPX
1uNFoZAHBGtllmzznpCI3s,246dkjvS1zLTtiykXe5h60
1uNFoZAHBGtllmzznpCI3s,5yy76ufVriyvidNSvXlRU1
1uNFoZAHBGtllmzznpCI3s,1tqhsYv8yBBdwANFNzHtcr
1uNFoZAHBGtllmzznpCI3s,0Y5tJX1MQlPlqiwlOH1tJY
1uNFoZAHBGtllmzznpCI3s,0cGUm45nv7Z6M6qdXYQGTX
1uNFoZAHBGtllmzznpCI3s,57LYzLEk2LcFghVwuWbcuS
1uNFoZAHBGtllmzznpCI3s,0c173mlxpT3dSFRgMO8XPh
1uNFoZAHBGtllmzznpCI3s,26VFTg2z8YR0cCuwLzESi2
1uNFoZAHBGtllmzznpCI3s,5he5w2lnU9x7JFhnwcekXX
1uNFoZAHBGtllmzznpCI3s,5fMUXHkw8R8eOP2RNVYEZX
1uNFoZAHBGtllmzznpCI3s,20qISvAhX20dpIbOOzGK3q
1uNFoZAHBGtllmzznpCI3s,2mxe0TnaNL039ysAj51xPQ
1uNFoZAHBGtllmzznpCI3s,55Aa2cqylxrFIXC767Z865
1uNFoZAHBGtllmzznpCI3s,1RyvyyTE3xzB2ZywiAwp0i
1uNFoZAHBGtllmzznpCI3s,3ipn9JLAPI5GUEo4y4jcoi
1uNFoZAHBGtllmzznpCI3s,3TVXtAsR1Inumwj472S9r4
1uNFoZAHBGtllmzznpCI3s,0hCNtLu0JehylgoiP8L4Gh
1uNFoZAHBGtllmzznpCI3s,23zg3TcAtWQy7J6upgbUnj
1uNFoZAHBGtllmzznpCI3s,6O74knDqdv3XaWtkII7Xjp
1uNFoZAHBGtllmzznpCI3s,4iHNK0tOyZPYnBU7nGAgpQ
1uNFoZAHBGtllmzznpCI3s,1YfEcTuGvBQ8xSD1f53UnK
1uNFoZAHBGtllmzznpCI3s,75FnCoo4FBxH5K1Rrx0k5A
1uNFoZAHBGtllmzznpCI3s,0a1gHP0HAqALbEyxaD5Ngn
1uNFoZAHBGtllmzznpCI3s,7bXgB6jMjp9ATFy66eO08Z
1uNFoZAHBGtllmzznpCI3s,5YGY8feqx7naU7z4HrwZM6
1uNFoZAHBGtllmzznpCI3s,2yQf6b8hxahZaT5dHlWaB1
1uNFoZAHBGtllmzznpCI3s,6sjsQahFYXgmOmocbuHou3
1uNFoZAHBGtllmzznpCI3s,6S0dmVVn4udvppDhZIWxCr
6O4EGCCb6DoIiR6B1QCQgp,4CvZd3qzC2HbLxAoAEBRIL
6O4EGCCb6DoIiR6B1QCQgp,6I3MElirhT5t6Kf7p0hGk9
6O4EGCCb6DoIiR6B1QCQgp,3c2aillQGNzPEKuCQP6o64
6O4EGCCb6DoIiR6B1QCQgp,4Gso3d4CscCijv0lmajZWs
6O4EGCCb6DoIiR6B1QCQgp,2JzhQYGos3RqV7MT5fWeek
6O4EGCCb6DoIiR6B1QCQgp,4mwdnO2jZrMmMVrjcHsZBv
6O4EGCCb6DoIiR6B1QCQgp,07EcmJpfAday8xGkslfanE
6O4EGCCb6DoIiR6B1QCQgp,534mPnx4yc2nDRE2M8xPzn
6O4EGCCb6DoIiR6B1QCQgp,4cJKDGSv4Dz9QycXYmo565
6O4EGCCb6DoIiR6B1QCQgp,1LeVJ5GPeYDOVUjxx1y7Rp
6O4EGCCb6DoIiR6B1QCQgp,6EHS9kZ9PpeXaJ4wZO3FSX
6O4EGCCb6DoIiR6B1QCQgp,2P2BXSc0Wxpf10Fpno38rl
6O4EGCCb6DoIiR6B1QCQgp,3YoL2CCR3wyqJndcEDBwBH
6O4EGCCb6DoIiR6B1QCQgp,5OJ9jD6lY1mFZf48h5WLBK
6O4EGCCb6DoIiR6B1QCQgp,41DoEThFgTTCXT8moE5MBQ
6O4EGCCb6DoIiR6B1QCQgp,3ZJxEmjYZd5VOqZ8o3aXiL
6O4EGCCb6DoIiR6B1QCQgp,2i9uaNzfUtuApAjEf1omV8
6O4EGCCb6DoIiR6B1QCQgp,3ctnkEZGtVBTxS7IMin8nC
5IcR3N7QB1j6KBL8eImZ8m,2OaHYHb2XcFPvqL3VsyPzU
5IcR3N7QB1j6KBL8eImZ8m,3mhGKo6sIMtVoPUu3t9p16
5IcR3N7QB1j6KBL8eImZ8m,4jlguclMzgjLqZPqF9s19O
5IcR3N7QB1j6KBL8eImZ8m,6fqjJNsLs7g6F3PXy01Xnw
5IcR3N7QB1j6KBL8eImZ8m,0Y4inQK6OespitzD6ijMwb
5IcR3N7QB1j6KBL8eImZ8m,0g9vAlRPK9Gt3FKCekk4TW
5IcR3N7QB1j6KBL8eImZ8m,6Ja6zFB5d7XRihhfMo6KzY
5IcR3N7QB1j6KBL8eImZ8m,4bMNzAopkqYTwkBLwMKsF1
5IcR3N7QB1j6KBL8eImZ8m,0Y5tJX1MQlPlqiwlOH1tJY
5IcR3N7QB1j6KBL8eImZ8m,4IVAbR2w4JJNJDDRFP3E83
5IcR3N7QB1j6KBL8eImZ8m,7c0XG5cIJTrrAgEC3ULPiq
5IcR3N7QB1j6KBL8eImZ8m,0A0FS04o6zMoto8OKPsDwY
5IcR3N7QB1j6KBL8eImZ8m,1URnnhqYAYcrqrcwql10ft
5IcR3N7QB1j6KBL8eImZ8m,0fA0VVWsXO9YnASrzqfmYu
5IcR3N7QB1j6KBL8eImZ8m,5f7VJjfbwm532GiveGC0ZK
5IcR3N7QB1j6KBL8eImZ8m,5K4W6rqBFWDnAN6FQUkS6x
5IcR3N7QB1j6KBL8eImZ8m,5pnbUBPifNnlusY8kTBivi
5IcR3N7QB1j6KBL8eImZ8m,68kEuyFKyqrdQQLLsmiatm
5IcR3N7QB1j6KBL8eImZ8m,7bP08eykRpy3OTLjzqSWOS
5IcR3N7QB1j6KBL8eImZ8m,3crnzLy8R4lVwaigKEOz7V
5IcR3N7QB1j6KBL8eImZ8m,60CFNa0ggWjV8OSDey8aGT
5IcR3N7QB1j6KBL8eImZ8m,7tYKF4w9nC0nq9CsPZTHyP
5IcR3N7QB1j6KBL8eImZ8m,3jK9MiCrA42lLAdMGUZpwa
5IcR3N7QB1j6KBL8eImZ8m,360IAlyVv4PCEVjgyMZrxK
5IcR3N7QB1j6KBL8eImZ8m,0jUQSUOcM7lxVn5eVGTkzQ
5IcR3N7QB1j6KBL8eImZ8m,5z4GIgsp4Ex4mTJBaIcRG2
5IcR3N7QB1j6KBL8eImZ8m,3S0ftTsY7HDY3Rnzqy5v9d
5IcR3N7QB1j6KBL8eImZ8m,28ExwzUQsvgJooOI0X1mr3
5IcR3N7QB1j6KBL8eImZ8m,2YZyLoL8N0Wb9xBt1NhZWg
5IcR3N7QB1j6KBL8eImZ8m,17lzZA2AlOHwCwFALHttmp
5IcR3N7QB1j6KBL8eImZ8m,07d5etnpjriczFBB8pxmRe
5IcR3N7QB1j6KBL8eImZ8m,4V8LLVI7PbaPR0K2TGSxFF
5IcR3N7QB1j6KBL8eImZ8m,6NyJIFHAePjHR1pFxwisqz
5IcR3N7QB1j6KBL8eImZ8m,2yQf6b8hxahZaT5dHlWaB1
5IcR3N7QB1j6KBL8eImZ8m,7AjokpCIqf0gHMZJlodw2k
5IcR3N7QB1j6KBL8eImZ8m,13ubrt8QOOCPljQ2FL1Kca
5IcR3N7QB1j6KBL8eImZ8m,5ZS223C6JyBfXasXxrRqOk
5IcR3N7QB1j6KBL8eImZ8m,3s8alQfNnY0roAHaJh7Xxt
5IcR3N7QB1j6KBL8eImZ8m,6YYS87ELUEkflE1wjswRQM
5IcR3N7QB1j6KBL8eImZ8m,4w6ifwWwSJ94tIzeh3IU6b
5IcR3N7QB1j6KBL8eImZ8m,1b7551cVRwC5FI8EBYWl2X
5IcR3N7QB1j6KBL8eImZ8m,7a9KRWdaSZktpGGnWndzbC
5lHRUCqkQZCIWeX7xG4sYT,0G4e25O0rYC7iFkzYWWzbN
5lHRUCqkQZCIWeX7xG4sYT,3jksrX4oBklxR78ft8gv3j
5lHRUCqkQZCIWeX7xG4sYT,3EJmmU8C3pk268dP7IbOt7
5lHRUCqkQZCIWeX7xG4sYT,17lzZA2AlOHwCwFALHttmp
5lHRUCqkQZCIWeX7xG4sYT,0jKWd4jJoAf5BRGwjUn9QB
5lHRUCqkQZCIWeX7xG4sYT,1GVenmuuAtusi17LY6FvgI
5lHRUCqkQZCIWeX7xG4sYT,6jGMq4yGs7aQzuGsMgVgZR
5lHRUCqkQZCIWeX7xG4sYT,3nCdkxgZDPK61iR5OeBatJ
5lHRUCqkQZCIWeX7xG4sYT,4PNHuWkk4ee6R8WEhFVPf5
5lHRUCqkQZCIWeX7xG4sYT,2AQrMZUMrQ1e4cUtBO06RT
5lHRUCqkQZCIWeX7xG4sYT,0kmbt7bmGiHNY0W9TiqMX4
5lHRUCqkQZCIWeX7xG4sYT,6z7xFFHxYkE9t8bwIF0Bvg
5lHRUCqkQZCIWeX7xG4sYT,1sBkRIssrMs1AbVkOJbc7a
5lHRUCqkQZCIWeX7xG4sYT,0vpCgzAJDHTNdr2QnjnAgg
5lHRUCqkQZCIWeX7xG4sYT,50co4Is1HCEo8bhOyUWKpn
5lHRUCqkQZCIWeX7xG4sYT,2WG4EtxyAlsmomcds5YhYZ
5lHRUCqkQZCIWeX7xG4sYT,3Lr1UuhGq6700me9BFcNja
5lHRUCqkQZCIWeX7xG4sYT,4tMm1dU6Gn04VAZ9ClHcIZ
5lHRUCqkQZCIWeX7xG4sYT,5OecgEmtfWSu9lHS62mdcP
5lHRUCqkQZCIWeX7xG4sYT,0dvFTsuG02c4cRbcSQ8zE6
5lHRUCqkQZCIWeX7xG4sYT,4OBJLual30L7gRl5UkeRcT
5lHRUCqkQZCIWeX7xG4sYT,21Aty4leYYM6g0AHOV8KWm
5lHRUCqkQZCIWeX7xG4sYT,13y7CgLHjMVRMDqxdx0Xdo
5lHRUCqkQZCIWeX7xG4sYT,6hZYWGioZNvVFoEwoufVJw
5lHRUCqkQZCIWeX7xG4sYT,1mceaxtjWdEmwoDVAlkC41
5lHRUCqkQZCIWeX7xG4sYT,3crnzLy8R4lVwaigKEOz7V
5lHRUCqkQZCIWeX7xG4sYT,0c173mlxpT3dSFRgMO8XPh
5lHRUCqkQZCIWeX7xG4sYT,4cmA2QDPdzh8W2ytpyUGes
5lHRUCqkQZCIWeX7xG4sYT,0mPAjOjWhSw63IlIgU1wKe
5lHRUCqkQZCIWeX7xG4sYT,0xTcxl35DKXUeYRWqY10w6
5lHRUCqkQZCIWeX7xG4sYT,0EeQBlQJFiAfJeVN2vT9s0
5lHRUCqkQZCIWeX7xG4sYT,35sCXuy5gN6Or69rZ9vqBs
5lHRUCqkQZCIWeX7xG4sYT,3TVXtAsR1Inumwj472S9r4
5lHRUCqkQZCIWeX7xG4sYT,6sJjpQFisVYyxV52I6WEry
5lHRUCqkQZCIWeX7xG4sYT,15iVAtD3s3FsQR4w1v6M0P
5lHRUCqkQZCIWeX7xG4sYT,7AO1qih2zQeI7WYTQxC5fQ
5lHRUCqkQZCIWeX7xG4sYT,6oMuImdp5ZcFhWP0ESe6mG
5lHRUCqkQZCIWeX7xG4sYT,6Ma30wvliDU6S3aJMjmRUY
5lHRUCqkQZCIWeX7xG4sYT,0399oiMcmbOzzsYQDNYqxn
5lHRUCqkQZCIWeX7xG4sYT,0tOqIgdHFpJPqGuyett1td
5lHRUCqkQZCIWeX7xG4sYT,0xEnodU36rrJyn7edcK4gJ
5lHRUCqkQZCIWeX7xG4sYT,1d4LqKtPkn0vAfp5YyIox4
5lHRUCqkQZCIWeX7xG4sYT,5B4taJXhFsozzkvvSTUq5Q
5lHRUCqkQZCIWeX7xG4sYT,0cdjVLhXSS7LpPAhx9ZLhz
3mIj9lX2MWuHmhNCA7LSCW,7qN5EMGrVqdjmYWdNJgbNO
3mIj9lX2MWuHmhNCA7LSCW,4L8MIM7AXmq6jb0tRix4JT
3mIj9lX2MWuHmhNCA7LSCW,4smK3nFPhkimbY6EXK156w
3mIj9lX2MWuHmhNCA7LSCW,19xQgTSKagKLIxOG0yWDpv
3mIj9lX2MWuHmhNCA7LSCW,01h9jm5CrO5E0Z841iuKA6
3mIj9lX2MWuHmhNCA7LSCW,1qsa20MWDjV9QI93zn2i2s
0c173mlxpT3dSFRgMO8XPh,6CxZzQFUTM6AzgluGwtq5w
0c173mlxpT3dSFRgMO8XPh,2hlmm7s2ICUX0LVIhVFlZQ
0c173mlxpT3dSFRgMO8XPh,5xI4mPixKfrCCspATqbpy3
0c173mlxpT3dSFRgMO8XPh,3jk39CGeaaSO3FPKNx1RUx
0c173mlxpT3dSFRgMO8XPh,4frXpPxQQZwbCu3eTGnZEw
0c173mlxpT3dSFRgMO8XPh,2EMAnMvWE2eb56ToJVfCWs
0c173mlxpT3dSFRgMO8XPh,46SHBwWsqBkxI7EeeBEQG7
0c173mlxpT3dSFRgMO8XPh,4ULO7IGI3M2bo0Ap7B9h8a
0c173mlxpT3dSFRgMO8XPh,1grN0519h2zYqpRtYbDZAl
0c173mlxpT3dSFRgMO8XPh,6GEykX11lQqp92UVOQQCC7
0c173mlxpT3dSFRgMO8XPh,2R0CFyeMDiRbfkhkIMbyl1
0c173mlxpT3dSFRgMO8XPh,6qbCuiHIWsiQxNhqXgc7mz
0c173mlxpT3dSFRgMO8XPh,0X2BH1fck6amBIoJhDVmmJ
0c173mlxpT3dSFRgMO8XPh,0eVyjRhzZKke2KFYTcDkeu
0c173mlxpT3dSFRgMO8XPh,0EeQBlQJFiAfJeVN2vT9s0
0c173mlxpT3dSFRgMO8XPh,246dkjvS1zLTtiykXe5h60
0c173mlxpT3dSFRgMO8XPh,7c0XG5cIJTrrAgEC3ULPiq
0c173mlxpT3dSFRgMO8XPh,5ZS223C6JyBfXasXxrRqOk
0c173mlxpT3dSFRgMO8XPh,7u6LfVyYpEzMpHLL7jTyvU
0c173mlxpT3dSFRgMO8XPh,3jK9MiCrA42lLAdMGUZpwa
0c173mlxpT3dSFRgMO8XPh,7MnzlETJZuQb3EcK8mugEQ
0c173mlxpT3dSFRgMO8XPh,67nwj3Y5sZQLl72VNUHEYE
0c173mlxpT3dSFRgMO8XPh,6q3p11nP1p80Ey6LrOOSed
0c173mlxpT3dSFRgMO8XPh,50co4Is1HCEo8bhOyUWKpn
0c173mlxpT3dSFRgMO8XPh,0Y5tJX1MQlPlqiwlOH1tJY
0c173mlxpT3dSFRgMO8XPh,4njwwcumLelgJjjlQB4eYl
0c173mlxpT3dSFRgMO8XPh,59wfkuBoNyhDMQGCljbUbA
0c173mlxpT3dSFRgMO8XPh,6g8AmloI8egfrr3dm3SnUL
0c173mlxpT3dSFRgMO8XPh,55Aa2cqylxrFIXC767Z865
0c173mlxpT3dSFRgMO8XPh,6AUl0ykLLpvTktob97x9hO
0c173mlxpT3dSFRgMO8XPh,3u579Gdap91lMptBSdXTpf
0c173mlxpT3dSFRgMO8XPh,26qmuJTgE3g67pPClBQ3Iu
0c173mlxpT3dSFRgMO8XPh,7yzcsplXURYcG1Luakmkqy
0c173mlxpT3dSFRgMO8XPh,45gHcnDnMC15sgx3VL7ROG
0c173mlxpT3dSFRgMO8XPh,4fpwOzxFRMVGfd197dKIdY
0c173mlxpT3dSFRgMO8XPh,79y9wOe73QinG3vsi3vLqK
0c173mlxpT3dSFRgMO8XPh,2JSwnwAT1BupAQkhqcRCUw
0c173mlxpT3dSFRgMO8XPh,6DVipHzYsPlIoA0DW8Gmns
0c173mlxpT3dSFRgMO8XPh,7dGJo4pcD2V6oG8kP0tJRR
0c173mlxpT3dSFRgMO8XPh,3s8alQfNnY0roAHaJh7Xxt
0c173mlxpT3dSFRgMO8XPh,5dHt1vcEm9qb8fCyLcB3HL
0c173mlxpT3dSFRgMO8XPh,6l3HvQ5sa6mXTsMTB19rO5
0c173mlxpT3dSFRgMO8XPh,46sJ8zrDC0sfmersWSyYMd
0c173mlxpT3dSFRgMO8XPh,2KsP6tYLJlTBvSUxnwlVWa
0c173mlxpT3dSFRgMO8XPh,5ooSG9S0glqP5ZrqqaHBvT
0c173mlxpT3dSFRgMO8XPh,0PA28tQBY65NmvLi0xvuX9
0c173mlxpT3dSFRgMO8XPh,5gCRApTajqwbnHHPbr2Fpi
0c173mlxpT3dSFRgMO8XPh,6vXTefBL93Dj5IqAWq6OTv
0c173mlxpT3dSFRgMO8XPh,2YZyLoL8N0Wb9xBt1NhZWg
0c173mlxpT3dSFRgMO8XPh,7bXgB6jMjp9ATFy66eO08Z
0c173mlxpT3dSFRgMO8XPh,137W8MRPWKqSmrBGDBFSop
0c173mlxpT3dSFRgMO8XPh,01QTIT5P1pFP3QnnFSdsJf
0c173mlxpT3dSFRgMO8XPh,5K4W6rqBFWDnAN6FQUkS6x
0c173mlxpT3dSFRgMO8XPh,0bfX8pF8kuHNCs57Ms4jZb
0c173mlxpT3dSFRgMO8XPh,0hCNtLu0JehylgoiP8L4Gh
0c173mlxpT3dSFRgMO8XPh,5y2Xq6xcjJb2jVM54GHK3t
0c173mlxpT3dSFRgMO8XPh,40giwFcTQtv9ezxW8yqxJU
0c173mlxpT3dSFRgMO8XPh,1W3FSF1BLpY3hlVIgvenLz
0c173mlxpT3dSFRgMO8XPh,1sBkRIssrMs1AbVkOJbc7a
0c173mlxpT3dSFRgMO8XPh,0ONHkAv9pCAFxb0zJwDNTy
0c173mlxpT3dSFRgMO8XPh,6q2peHL8h2vUGvWNbsIjii
0c173mlxpT3dSFRgMO8XPh,0iEtIxbK0KxaSlF7G42ZOp
0c173mlxpT3dSFRgMO8XPh,17lzZA2AlOHwCwFALHttmp
0c173mlxpT3dSFRgMO8XPh,1URnnhqYAYcrqrcwql10ft
0c173mlxpT3dSFRgMO8XPh,1zNqQNIdeOUZHb8zbZRFMX
0c173mlxpT3dSFRgMO8XPh,3KV3p5EY4AvKxOlhGHORLg
0c173mlxpT3dSFRgMO8XPh,6oMuImdp5ZcFhWP0ESe6mG
0c173mlxpT3dSFRgMO8XPh,09BrKhoBYOu5vHVkBZ5U5X
0c173mlxpT3dSFRgMO8XPh,6DpWtzfwV8fcwP6fXckDVu
0c173mlxpT3dSFRgMO8XPh,3TVXtAsR1Inumwj472S9r4
0c173mlxpT3dSFRgMO8XPh,3crnzLy8R4lVwaigKEOz7V
0c173mlxpT3dSFRgMO8XPh,2HPaUgqeutzr3jx5a9WyDV
0c173mlxpT3dSFRgMO8XPh,66CXWjxzNUsdJxJ2JdwvnR
0c173mlxpT3dSFRgMO8XPh,5LNiimWud6WxXYplBbgSSc
0c173mlxpT3dSFRgMO8XPh,3sS2J23rrtQJUonOvvbxW6
0c173mlxpT3dSFRgMO8XPh,5LHRHt1k9lMyONurDHEdrp
0c173mlxpT3dSFRgMO8XPh,20qISvAhX20dpIbOOzGK3q
0c173mlxpT3dSFRgMO8XPh,0fA0VVWsXO9YnASrzqfmYu
0c173mlxpT3dSFRgMO8XPh,4yBK75WVCQXej1p04GWqxH
0c173mlxpT3dSFRgMO8XPh,1xB7hRj3ShnBJrVpcW9M7B
0c173mlxpT3dSFRgMO8XPh,360IAlyVv4PCEVjgyMZrxK
0c173mlxpT3dSFRgMO8XPh,20sxb77xiYeusSH8cVdatc
0c173mlxpT3dSFRgMO8XPh,2GHclqNVjqGuiE5mA7BEoc
6oMuImdp5ZcFhWP0ESe6mG,3TVXtAsR1Inumwj472S9r4
6oMuImdp5ZcFhWP0ESe6mG,4kYSro6naA4h99UJvo89HB
6oMuImdp5ZcFhWP0ESe6mG,6AgTAQt8XS6jRWi4sX7w49
6oMuImdp5ZcFhWP0ESe6mG,1RyvyyTE3xzB2ZywiAwp0i
6oMuImdp5ZcFhWP0ESe6mG,1uNFoZAHBGtllmzznpCI3s
6oMuImdp5ZcFhWP0ESe6mG,4MCBfE4596Uoi2O4DtmEMz
6oMuImdp5ZcFhWP0ESe6mG,0eDvMgVFoNV3TpwtrVCoTj
6oMuImdp5ZcFhWP0ESe6mG,7wlFDEWiM5OoIAt8RSli8b
6oMuImdp5ZcFhWP0ESe6mG,1URnnhqYAYcrqrcwql10ft
6oMuImdp5ZcFhWP0ESe6mG,13y7CgLHjMVRMDqxdx0Xdo
6oMuImdp5ZcFhWP0ESe6mG,0Y5tJX1MQlPlqiwlOH1tJY
6oMuImdp5ZcFhWP0ESe6mG,7c0XG5cIJTrrAgEC3ULPiq
6oMuImdp5ZcFhWP0ESe6mG,0c173mlxpT3dSFRgMO8XPh
6oMuImdp5ZcFhWP0ESe6mG,0hCNtLu0JehylgoiP8L4Gh
6oMuImdp5ZcFhWP0ESe6mG,246dkjvS1zLTtiykXe5h60
6oMuImdp5ZcFhWP0ESe6mG,17lzZA2AlOHwCwFALHttmp
6oMuImdp5ZcFhWP0ESe6mG,0QHgL1lAIqAw0HtD7YldmP
6oMuImdp5ZcFhWP0ESe6mG,4O15NlyKLIASxsJ0PrXPfz
6oMuImdp5ZcFhWP0ESe6mG,50co4Is1HCEo8bhOyUWKpn
6oMuImdp5ZcFhWP0ESe6mG,55Aa2cqylxrFIXC767Z865
6oMuImdp5ZcFhWP0ESe6mG,6ma7eBrKihYrXcvdMNpnc5
6oMuImdp5ZcFhWP0ESe6mG,6vXTefBL93Dj5IqAWq6OTv
6oMuImdp5ZcFhWP0ESe6mG,1pPmIToKXyGdsCF6LmqLmI
6oMuImdp5ZcFhWP0ESe6mG,6PXS4YHDkKvl1wkIl4V8DL
6oMuImdp5ZcFhWP0ESe6mG,5lHRUCqkQZCIWeX7xG4sYT
6oMuImdp5ZcFhWP0ESe6mG,1w7mqJk0lodbOOb7tZGPzX
6oMuImdp5ZcFhWP0ESe6mG,2r6grArzNU60H7nGiE97RX
6oMuImdp5ZcFhWP0ESe6mG,0Zhq82XH4XQwP03kCHSkXg
6oMuImdp5ZcFhWP0ESe6mG,5EvFsr3kj42KNv97ZEnqij
6oMuImdp5ZcFhWP0ESe6mG,7bXgB6jMjp9ATFy66eO08Z
6oMuImdp5ZcFhWP0ESe6mG,0NEp3PSDkE5DLJRyeRJgcH
6oMuImdp5ZcFhWP0ESe6mG,4cmA2QDPdzh8W2ytpyUGes
6oMuImdp5ZcFhWP0ESe6mG,3HiuzBlSW7pGDXlSFMhO2g
6oMuImdp5ZcFhWP0ESe6mG,2lC4fwT4sLVcfDU0pTSXju
6oMuImdp5ZcFhWP0ESe6mG,6nfYGe7IIuuP5bMY1jkJP6
6oMuImdp5ZcFhWP0ESe6mG,0I5HubncQ8E1MFZOlPDY4J
6oMuImdp5ZcFhWP0ESe6mG,31IZdHrCZ5pRhLz4zBxN3o
6oMuImdp5ZcFhWP0ESe6mG,6GMYJwaziB4ekv1Y6wCDWS
6oMuImdp5ZcFhWP0ESe6mG,3RSUNPqm005M3tBbKZkdfp
6oMuImdp5ZcFhWP0ESe6mG,4DdkRBBYG6Yk9Ka8tdJ9BW
6oMuImdp5ZcFhWP0ESe6mG,0VRj0yCOv2FXJNP47XQnx5
6oMuImdp5ZcFhWP0ESe6mG,4SWJXkoA4FsaZlxWzabk4T
6oMuImdp5ZcFhWP0ESe6mG,3EW0kQ1skZiK1NHg3Spt9J
6oMuImdp5ZcFhWP0ESe6mG,2tgCDr9Nf9QCqWufa5cTKR
0xTcxl35DKXUeYRWqY10w6,5iyTbismzdvyjpjIuhKRvX
0xTcxl35DKXUeYRWqY10w6,6JADcLorwXfs1BtDMD1AcN
0xTcxl35DKXUeYRWqY10w6,16roC4x2w2TYDVd7kni20I
0xTcxl35DKXUeYRWqY10w6,50co4Is1HCEo8bhOyUWKpn
0xTcxl35DKXUeYRWqY10w6,05DQKfH9FMfcpAi3FVh3Lt
0xTcxl35DKXUeYRWqY10w6,7se8u27wHyWFUx27RR01A4
0xTcxl35DKXUeYRWqY10w6,1d0f2TQJF6CgmJ9o52kH4x
0xTcxl35DKXUeYRWqY10w6,1ZLO8d7zll1WeQJUHaxQer
0xTcxl35DKXUeYRWqY10w6,3j7jqA6401OHzn05Y6uIS6
0xTcxl35DKXUeYRWqY10w6,41klVmDluQZmGGqoidNfbe
0xTcxl35DKXUeYRWqY10w6,5f7VJjfbwm532GiveGC0ZK
0xTcxl35DKXUeYRWqY10w6,6nVLfIoxCQ3SIbKBRxAOIS
0xTcxl35DKXUeYRWqY10w6,1QkusyyiLCVP97x3TADKV9
0xTcxl35DKXUeYRWqY10w6,6AUl0ykLLpvTktob97x9hO
0xTcxl35DKXUeYRWqY10w6,6icQOAFXDZKsumw3YXyusw
0xTcxl35DKXUeYRWqY10w6,3Rx4PJ7SP6unkOk5elPUK7
0xTcxl35DKXUeYRWqY10w6,2S2mt1DiA4QKdKvtqwxrbB
0xTcxl35DKXUeYRWqY10w6,3HiuzBlSW7pGDXlSFMhO2g
0xTcxl35DKXUeYRWqY10w6,3XVpDdKav6C6zwlDXPhMEO
0xTcxl35DKXUeYRWqY10w6,0RESbWvOMyua0yuyVrztJ5
0xTcxl35DKXUeYRWqY10w6,2WG4EtxyAlsmomcds5YhYZ
0xTcxl35DKXUeYRWqY10w6,636zhvAb8psxOXhetViGKP
0xTcxl35DKXUeYRWqY10w6,2T8zDPsqZeZieaLCUNDiO4
0xTcxl35DKXUeYRWqY10w6,0VRj0yCOv2FXJNP47XQnx5
0xTcxl35DKXUeYRWqY10w6,13y7CgLHjMVRMDqxdx0Xdo
0xTcxl35DKXUeYRWqY10w6,0F8SQTaPiwXVtLeqh48n5u
0xTcxl35DKXUeYRWqY10w6,5yPzzu25VzEk8qrGTLIrE1
0xTcxl35DKXUeYRWqY10w6,6xS5PpBWaVYraexEkEjjXv
0xTcxl35DKXUeYRWqY10w6,3jksrX4oBklxR78ft8gv3j
0xTcxl35DKXUeYRWqY10w6,4DdkRBBYG6Yk9Ka8tdJ9BW
0xTcxl35DKXUeYRWqY10w6,0LyfQWJT6nXafLPZqxe9Of
0xTcxl35DKXUeYRWqY10w6,2HPaUgqeutzr3jx5a9WyDV
0xTcxl35DKXUeYRWqY10w6,2BpFkaZYGvOjB9Z3VbPfY6
0xTcxl35DKXUeYRWqY10w6,3crnzLy8R4lVwaigKEOz7V
0xTcxl35DKXUeYRWqY10w6,7FBDXY8U17aasVTH3rgxbS
0xTcxl35DKXUeYRWqY10w6,65rDIPdQD7ijLSOq32cMXo
0xTcxl35DKXUeYRWqY10w6,137W8MRPWKqSmrBGDBFSop
0xTcxl35DKXUeYRWqY10w6,5gCRApTajqwbnHHPbr2Fpi
0xTcxl35DKXUeYRWqY10w6,6f4XkbvYlXMH0QgVRzW0sM
0xTcxl35DKXUeYRWqY10w6,5lHRUCqkQZCIWeX7xG4sYT
0xTcxl35DKXUeYRWqY10w6,1LukV2OKzL9bjjiKEHR5PM
0xTcxl35DKXUeYRWqY10w6,49vCIUW46QY3L5vo1xVFoy
0xTcxl35DKXUeYRWqY10w6,6oMuImdp5ZcFhWP0ESe6mG
0xTcxl35DKXUeYRWqY10w6,4cmA2QDPdzh8W2ytpyUGes
0xTcxl35DKXUeYRWqY10w6,7oNuIMNbN5lMfCqqt165oe
0xTcxl35DKXUeYRWqY10w6,5OecgEmtfWSu9lHS62mdcP
0xTcxl35DKXUeYRWqY10w6,0t5qZrvVCo9YIUT87SQrTn
0xTcxl35DKXUeYRWqY10w6,21pP0UGkVGufrUC1zDSyHP
0xTcxl35DKXUeYRWqY10w6,0cTUxY0YilFUjMpeBP8tSE
0xTcxl35DKXUeYRWqY10w6,5AQVXVBupwWBMUC1A2JOkk
0xTcxl35DKXUeYRWqY10w6,6Ha4aES39QiVjR0L2lwuwq
0xTcxl35DKXUeYRWqY10w6,0BuvqDNQaCHcKJLCbK0M3P
